index,sample_id,question,gold,pred,exact_match,soft_em,answer_f1,rouge1_f,rouge2_f,rougeL_f,bleu1,bleu2,bleu3,bleu4,meteor,title_hit,steps,llm_calls,generated_tokens,stop_reason,anytime_answer,anytime_answer_score,anytime_answer_source,best_node_type,best_node_id,run_dir
0,0,The movies Queen of Blood and Battle Beyond the Sun both contained scenes from what 1959 Soviet feature?,Nebo Zovyot,Nebo Zovyot,1,1,1.0,1.0,1.0,1.0,1.0,1.0,0.0,0.0,1.0,0,6,9,891,final_synthesis_reserve,Nebo Zovyot,1.0,final_synthesis,state,state_1,/workspace/TDCA/batch_outputs/hotpot_random300_seed20260504_20260504_162606/runs/000_0
1,1,Which post DC Extended Universe actress will also play a role in what is intended to be the fifth installment of the DC Extended Universe?,Gal Gadot,Gal Gadot,1,1,1.0,1.0,1.0,1.0,1.0,1.0,0.0,0.0,1.0,0,6,10,980,final_synthesis_reserve,Justice League (film),0.923842181519949,grounded,memory,memory_mem_7,/workspace/TDCA/batch_outputs/hotpot_random300_seed20260504_20260504_162606/runs/001_1
2,2,Ernest Foot was the best friend of the fighter pilot who had how many victories?,44,44,1,1,1.0,1.0,0.0,1.0,1.0,0.0,0.0,0.0,1.0,0,4,7,532,frontier_empty,44,0.8185345665908993,expansion_candidate,memory,memory_mem_4,/workspace/TDCA/batch_outputs/hotpot_random300_seed20260504_20260504_162606/runs/002_2
3,3,In what city can a person find both the Nusretiye Clock Tower and the Eski Imaret Mosque be found?,"Istanbul, Turkey",Istanbul,0,1,0.666667,0.666667,0.0,0.666667,0.367879,0.0,0.0,0.0,0.526316,0,7,13,891,high_confidence_root_memory,Istanbul,0.8967387413048568,final_synthesis,memory,memory_mem_7,/workspace/TDCA/batch_outputs/hotpot_random300_seed20260504_20260504_162606/runs/003_3
4,4,"What was the name of the fanzine that interviewed the Sex Pistols bassist when he was in the band ""The Flowers of Romance?""",SKUM,Sniffin’ Glue,0,0,0.0,0.0,0.0,0.0,0.0,0.0,0.0,0.0,0.0,0,3,8,869,final_synthesis_reserve,Sniffin’ Glue,0.16880000000000003,closed_book_initial,state,state_1,/workspace/TDCA/batch_outputs/hotpot_random300_seed20260504_20260504_162606/runs/004_4
5,5,"Which case was decided first, Selle v. Gibb or Reynolds v. Sims?",1964,1964,1,1,1.0,1.0,0.0,1.0,1.0,0.0,0.0,0.0,1.0,0,7,12,975,final_synthesis_reserve,1964,0.8600661068157072,expansion_candidate,memory,memory_mem_6,/workspace/TDCA/batch_outputs/hotpot_random300_seed20260504_20260504_162606/runs/005_5
6,6,"What South Korean actor was a member of the pop duo TVXQ and stared in Heading to the Ground, a 2009 MBC television series?",Jung Yun-ho,Yunho,0,0,0.0,0.0,0.0,0.0,0.0,0.0,0.0,0.0,0.0,0,3,6,319,frontier_empty,Yunho,0.8114055990127531,expansion_candidate,state,state_1,/workspace/TDCA/batch_outputs/hotpot_random300_seed20260504_20260504_162606/runs/006_6
7,7,What type of movie are Wishing Stairs and Voice?,South Korean horror film,horror,0,1,0.4,0.4,0.0,0.4,0.049787,0.0,0.0,0.0,0.27027,0,5,12,948,frontier_empty,horror,0.9362690270365366,final_synthesis,memory,memory_mem_7,/workspace/TDCA/batch_outputs/hotpot_random300_seed20260504_20260504_162606/runs/007_7
8,8,"Which cast member of Alice Upside Down also stars in the ABC Family/Freeform drama ""Switched at Birth?""",Lucas Stephen Grabeel,Alyson Stoner,0,0,0.0,0.0,0.0,0.0,0.0,0.0,0.0,0.0,0.0,0,5,11,926,final_synthesis_reserve,Katie Leclerc,0.16880000000000003,closed_book_initial,memory,memory_mem_4,/workspace/TDCA/batch_outputs/hotpot_random300_seed20260504_20260504_162606/runs/008_8
9,9,Ambrose Mendy has managed and/or advised a British professional boxer that as of July 2017 is ranked the world's seventh best super middleweight by who?,"""The Ring"" magazine",The Ring,0,1,0.666667,0.666667,0.0,0.666667,0.367879,0.0,0.0,0.0,0.526316,0,6,12,1008,final_synthesis_reserve,The Ring,0.8083106218834326,expansion_candidate,memory,memory_mem_5,/workspace/TDCA/batch_outputs/hotpot_random300_seed20260504_20260504_162606/runs/009_9
10,10,What book provided the foundation for Masters and Johnson's research team?,Patterns of Sexual Behavior,Patterns of Sexual Behavior,1,1,1.0,1.0,1.0,1.0,1.0,1.0,1.0,1.0,1.0,0,1,3,73,llm_stop_with_root_memory,Patterns of Sexual Behavior,0.92105933115491,grounded,memory,memory_mem_4,/workspace/TDCA/batch_outputs/hotpot_random300_seed20260504_20260504_162606/runs/010_10
11,11,Hate Them is the ninth album by a band likened to who?,Motörhead,Bathory and Celtic Frost,0,0,0.0,0.0,0.0,0.0,0.0,0.0,0.0,0.0,0.0,0,6,13,1001,final_synthesis_reserve,Black Flag,0.16880000000000003,closed_book_initial,memory,memory_mem_5,/workspace/TDCA/batch_outputs/hotpot_random300_seed20260504_20260504_162606/runs/011_11
12,12,Anthony Avent played basketball fo a High School that is located in a city approcimately 8 mi west of where?,lower Manhattan,Chester,0,0,0.0,0.0,0.0,0.0,0.0,0.0,0.0,0.0,0.0,0,5,11,916,final_synthesis_reserve,Atlanta,0.16880000000000003,closed_book_initial,memory,memory_mem_4,/workspace/TDCA/batch_outputs/hotpot_random300_seed20260504_20260504_162606/runs/012_12
13,13,James Spedding was chiefly known as the editor of the works of an author who served both as Attorney General and as what?,Lord Chancellor of England,Lord Chancellor of England,1,1,1.0,1.0,1.0,1.0,1.0,1.0,1.0,1.0,1.0,0,9,14,886,final_synthesis_reserve,Lord Chancellor of England,0.8420531236254458,expansion_candidate,state,state_3,/workspace/TDCA/batch_outputs/hotpot_random300_seed20260504_20260504_162606/runs/013_13
14,14,"With whom did this American singer, songwriter and record producer, who contributed to the single ""Marvin Gaye"" with Julie Frost, co-produced and performed the 2015 song for a movie soundtrack?",Wiz Khalifa,Wiz Khalifa,1,1,1.0,1.0,1.0,1.0,1.0,1.0,0.0,0.0,1.0,0,2,8,983,anytime_token_guard,Wiz Khalifa,0.9664028860567666,intermediate_answer,memory,memory_mem_4,/workspace/TDCA/batch_outputs/hotpot_random300_seed20260504_20260504_162606/runs/014_14
15,15,The American Sweetgum is the hostplant of what kind of bug?,moth,Phyllocnistis liquidambarisella,0,0,0.0,0.0,0.0,0.0,0.0,0.0,0.0,0.0,0.0,0,6,13,1027,final_synthesis_reserve,Phyllocnistis liquidambarisella,0.9534513290613271,final_synthesis,memory,memory_mem_7,/workspace/TDCA/batch_outputs/hotpot_random300_seed20260504_20260504_162606/runs/015_15
16,16,At which university did the notable psychoanalyst associated with the University of Chicago serve most of his career as a professor of psychiatry?,University of New York Upstate,State University of New York Upstate Medical University,0,1,0.769231,0.769231,0.727273,0.769231,0.625,0.571429,0.5,0.4,0.943396,0,6,12,928,final_synthesis_reserve,State University of New York Upstate Medical University,0.7253818549535171,expansion_candidate,memory,memory_mem_5,/workspace/TDCA/batch_outputs/hotpot_random300_seed20260504_20260504_162606/runs/016_16
17,17,Which North American tribe inhabited the banks of the Winnipesaukee River and were also known as the Pawtucket people?,the Pennacook people,Pennacook people,1,1,1.0,1.0,1.0,1.0,1.0,1.0,0.0,0.0,1.0,0,6,14,935,final_synthesis_reserve,Pennacook,0.16880000000000003,closed_book_initial,memory,memory_mem_6,/workspace/TDCA/batch_outputs/hotpot_random300_seed20260504_20260504_162606/runs/017_17
18,18,Which part of Scotland is this institute found where Alice König is a lecturer in Latin and Classical Studies?,"St Andrews, Fife, Scotland",Fife,0,1,0.4,0.4,0.0,0.4,0.049787,0.0,0.0,0.0,0.27027,0,6,12,709,frontier_empty,Fife,0.8717118526108977,final_synthesis,state,state_1,/workspace/TDCA/batch_outputs/hotpot_random300_seed20260504_20260504_162606/runs/018_18
19,19,What is Rachelle Amy Beinart's role in the film that follows a group of rebels on a mission?,stunt performances,Rachelle Beinart,0,0,0.0,0.0,0.0,0.0,0.0,0.0,0.0,0.0,0.0,0,7,9,939,final_synthesis_reserve,Rachelle Beinart,0.8544754058686278,grounded,state,state_1,/workspace/TDCA/batch_outputs/hotpot_random300_seed20260504_20260504_162606/runs/019_19
20,20,"Although a dependent territory remains politically outside of the controlling state's integral area, what else can it contain?",the flags,"a degree of self-governance, or autonomy, from an external authority",0,0,0.0,0.0,0.0,0.0,0.0,0.0,0.0,0.0,0.0,0,6,13,1043,final_synthesis_reserve,"a degree of self-governance, or autonomy, from an external authority",0.9304109768542913,final_synthesis,memory,memory_mem_7,/workspace/TDCA/batch_outputs/hotpot_random300_seed20260504_20260504_162606/runs/020_20
21,21,Were Illinois Institute of Technology and Boise State University both bounded before 1950?,yes,Yes,1,1,1.0,1.0,0.0,1.0,1.0,0.0,0.0,0.0,1.0,0,6,12,941,final_synthesis_reserve,No,0.16880000000000003,closed_book_initial,memory,memory_mem_5,/workspace/TDCA/batch_outputs/hotpot_random300_seed20260504_20260504_162606/runs/021_21
22,22,Albanians in Montenegro which make up 4.91 of the county's total population could be members of the Albanian Coalation Perspect which is a what?,Albanian political party in Montenegro,,0,0,0.0,0.0,0.0,0.0,0.0,0.0,0.0,0.0,0.0,0,10,14,697,frontier_empty,,0.0,,state,state_1,/workspace/TDCA/batch_outputs/hotpot_random300_seed20260504_20260504_162606/runs/022_22
23,23,Casey Jr. Splash 'n' Soak Station is an attraction in a city located in which county ?,Orange County,Orange County,1,1,1.0,1.0,1.0,1.0,1.0,1.0,0.0,0.0,1.0,0,7,13,757,frontier_empty,Orange County,0.8349307301817087,expansion_candidate,state,state_5,/workspace/TDCA/batch_outputs/hotpot_random300_seed20260504_20260504_162606/runs/023_23
24,24,The History of Ranching is a mural that was originally located at an American brewery that in 1999 began trasfering its production to who?,Miller Brewing,Miller Brewing,1,1,1.0,1.0,1.0,1.0,1.0,1.0,0.0,0.0,1.0,0,11,17,927,final_synthesis_reserve,Miller Brewing,0.9449521256198888,final_synthesis,memory,memory_mem_11,/workspace/TDCA/batch_outputs/hotpot_random300_seed20260504_20260504_162606/runs/024_24
25,25,Are both Disney Magazine and The Ring still in publication?,no,No,1,1,1.0,1.0,0.0,1.0,1.0,0.0,0.0,0.0,1.0,0,6,13,907,final_synthesis_reserve,No,0.9997999836038763,final_synthesis,state,state_1,/workspace/TDCA/batch_outputs/hotpot_random300_seed20260504_20260504_162606/runs/025_25
26,26,Who directed the 1941 film based on the novel of the same name by Zane Grey starring an actor who was also an artist and stuntman?,James Tinling,James Tinling,1,1,1.0,1.0,1.0,1.0,1.0,1.0,0.0,0.0,1.0,0,1,6,847,llm_stop_with_root_memory,Hamilton McFadden,1.0,grounded,state,state_3,/workspace/TDCA/batch_outputs/hotpot_random300_seed20260504_20260504_162606/runs/026_26
27,27,Were Halldór Laxness and Timothy Leary from the same country?,no,No,1,1,1.0,1.0,0.0,1.0,1.0,0.0,0.0,0.0,1.0,0,4,8,569,high_confidence_root_memory,No,0.9048617347576201,final_synthesis,memory,memory_mem_6,/workspace/TDCA/batch_outputs/hotpot_random300_seed20260504_20260504_162606/runs/027_27
28,28,Altnahinch is located in a county that has a population density of how many per square mile?,526,526,1,1,1.0,1.0,0.0,1.0,1.0,0.0,0.0,0.0,1.0,0,9,15,963,frontier_empty,526,0.9285484312266484,final_synthesis,state,state_4,/workspace/TDCA/batch_outputs/hotpot_random300_seed20260504_20260504_162606/runs/028_28
29,29,Who was a more acclaimed guitarist Stephen Christian or Joe Gooch?,and lead guitarist,Joe Gooch,0,0,0.0,0.0,0.0,0.0,0.0,0.0,0.0,0.0,0.0,0,1,7,882,final_synthesis_reserve,Joe Gooch,0.9596690530465118,intermediate_answer,memory,memory_mem_4,/workspace/TDCA/batch_outputs/hotpot_random300_seed20260504_20260504_162606/runs/029_29
30,30,What is the population of the city in which the first edition of the South American Youth Olympic Games were held?,more than 10 million,10 million,0,1,0.666667,0.666667,0.5,0.666667,0.367879,0.367879,0.0,0.0,0.526316,0,8,13,720,frontier_empty,10 million,0.8630310711093477,final_synthesis,state,state_1,/workspace/TDCA/batch_outputs/hotpot_random300_seed20260504_20260504_162606/runs/030_30
31,31,Do Bloody Mary and Sidecar share any ingredients in common?,no,No,1,1,1.0,1.0,0.0,1.0,1.0,0.0,0.0,0.0,1.0,0,5,11,900,final_synthesis_reserve,No,0.9077711993218714,final_synthesis,memory,memory_mem_6,/workspace/TDCA/batch_outputs/hotpot_random300_seed20260504_20260504_162606/runs/031_31
32,32,Liverpool nurse Mimi Smith was the aunt and guardian of which one of the city's most famous sons?,John Lennon,John Lennon,1,1,1.0,1.0,1.0,1.0,1.0,1.0,0.0,0.0,1.0,0,6,11,609,frontier_empty,John Lennon,0.8836418069825117,expansion_candidate,state,state_3,/workspace/TDCA/batch_outputs/hotpot_random300_seed20260504_20260504_162606/runs/032_32
33,33,What  unincorporated town along the Amargosa River is near the Sarcobatus Flat?,Beatty,Beatty,1,1,1.0,1.0,0.0,1.0,1.0,0.0,0.0,0.0,1.0,0,5,11,888,final_synthesis_reserve,Beatty,0.9758141912923275,final_synthesis,memory,memory_mem_4,/workspace/TDCA/batch_outputs/hotpot_random300_seed20260504_20260504_162606/runs/033_33
34,34,Psychopsis and Aubrieta are both genuses of which type of plants?,flowering plants,flowering plants,1,1,1.0,1.0,1.0,1.0,1.0,1.0,0.0,0.0,1.0,0,7,12,972,final_synthesis_reserve,flowering plants,0.16880000000000003,closed_book_initial,memory,memory_mem_4,/workspace/TDCA/batch_outputs/hotpot_random300_seed20260504_20260504_162606/runs/034_34
35,35,Are both Dziga Vertov and Roger Donaldson are involved in the film industry?,yes,Yes,1,1,1.0,1.0,0.0,1.0,1.0,0.0,0.0,0.0,1.0,0,6,11,896,final_synthesis_reserve,Yes,0.16880000000000003,closed_book_initial,memory,memory_mem_4,/workspace/TDCA/batch_outputs/hotpot_random300_seed20260504_20260504_162606/runs/035_35
36,36,Faces is a mixtape that features guest appearances from an American rapper who released one album with Souf Folk called what?,Country Thuggin,Country Thuggin,1,1,1.0,1.0,1.0,1.0,1.0,1.0,0.0,0.0,1.0,0,9,15,873,final_synthesis_reserve,Country Thuggin,0.8931784322982197,final_synthesis,state,state_1,/workspace/TDCA/batch_outputs/hotpot_random300_seed20260504_20260504_162606/runs/036_36
37,37,"What memorial park located at John J. Pershing Drive in North Omaha has, among other amenities, a baseball park?",Dodge Memorial Park,Dodge Park,0,1,0.8,0.8,0.0,0.8,0.606531,0.0,0.0,0.0,0.689655,0,1,4,75,llm_stop_with_root_memory,Dodge Park,0.9420123506727877,memory,memory,memory_mem_4,/workspace/TDCA/batch_outputs/hotpot_random300_seed20260504_20260504_162606/runs/037_37
38,38,Anna Aglatova made her first public appearance at which Moscow theatre in 2005?,Bolshoi Theatre,Bolshoi Theatre,1,1,1.0,1.0,1.0,1.0,1.0,1.0,0.0,0.0,1.0,0,4,9,399,frontier_empty,Bolshoi Theatre,0.898588499502633,expansion_candidate,state,state_2,/workspace/TDCA/batch_outputs/hotpot_random300_seed20260504_20260504_162606/runs/038_38
39,39,Are Kalenderhane Mosque and Galata Bridge both located in Istanbul?,yes,Yes,1,1,1.0,1.0,0.0,1.0,1.0,0.0,0.0,0.0,1.0,0,5,11,800,frontier_empty,Yes,0.9976441168769499,final_synthesis,state,state_1,/workspace/TDCA/batch_outputs/hotpot_random300_seed20260504_20260504_162606/runs/039_39
40,40,Which Roman Emperor was grandfather to the children of Mark Antony?,Caligula,Augustus,0,0,0.0,0.0,0.0,0.0,0.0,0.0,0.0,0.0,0.0,0,5,10,885,final_synthesis_reserve,Augustus,0.16880000000000003,closed_book_initial,state,state_1,/workspace/TDCA/batch_outputs/hotpot_random300_seed20260504_20260504_162606/runs/040_40
41,41,Which player Richard Gasquet or Jim Pugh  has won more mixed double Grand Slam titles ?,Jim Pugh,Jim Pugh,1,1,1.0,1.0,1.0,1.0,1.0,1.0,0.0,0.0,1.0,0,5,12,914,final_synthesis_reserve,Jim Pugh,0.16880000000000003,closed_book_initial,state,state_4,/workspace/TDCA/batch_outputs/hotpot_random300_seed20260504_20260504_162606/runs/041_41
42,42,Which Prince of Bismarcks EMS dispatch incited France to declare the Franco-Prussian War in July 1870,Otto Eduard Leopold,Ems Dispatch,0,0,0.0,0.0,0.0,0.0,0.0,0.0,0.0,0.0,0.0,0,1,4,79,llm_stop_with_root_memory,Ems Dispatch,0.9096721887344329,memory,memory,memory_mem_4,/workspace/TDCA/batch_outputs/hotpot_random300_seed20260504_20260504_162606/runs/042_42
43,43,The On Tour Forever album gave Blues Traveler the opportunity to display what musical trademark?,extensive use of segues,jam band sound featuring John Popper's harmonica,0,0,0.0,0.0,0.0,0.0,0.0,0.0,0.0,0.0,0.0,0,6,13,977,final_synthesis_reserve,Harmonica-driven blues-rock sound,0.16880000000000003,closed_book_initial,memory,memory_mem_5,/workspace/TDCA/batch_outputs/hotpot_random300_seed20260504_20260504_162606/runs/043_43
44,44,Which channel produced the ninth volume of the tv series that premiered as the same date as RuPaul's first album?,VH1,RuPaul's Drag Race,0,0,0.0,0.0,0.0,0.0,0.0,0.0,0.0,0.0,0.0,0,2,7,975,final_synthesis_reserve,RuPaul's Drag Race,0.9185278628881087,grounded,state,state_4,/workspace/TDCA/batch_outputs/hotpot_random300_seed20260504_20260504_162606/runs/044_44
45,45,"The song that came out ahead of The Wanted's ""Lightning"" on the UK Singles Chart was featured on which album?","""Talk That Talk""",Talk That Talk,1,1,1.0,1.0,1.0,1.0,1.0,1.0,1.0,0.0,1.0,0,5,12,965,final_synthesis_reserve,Talk on Corners,0.16880000000000003,closed_book_initial,memory,memory_mem_6,/workspace/TDCA/batch_outputs/hotpot_random300_seed20260504_20260504_162606/runs/045_45
46,46,The Gate is a song from the album scheduled for release in what month?,November 2017,November,0,1,0.666667,0.666667,0.0,0.666667,0.367879,0.0,0.0,0.0,0.526316,0,7,13,726,frontier_empty,November,1.0,final_synthesis,state,state_1,/workspace/TDCA/batch_outputs/hotpot_random300_seed20260504_20260504_162606/runs/046_46
47,47,Where was the movie filmed starring Choi Yoon-young in 2012?,Korea,"Chiba, Japan",0,0,0.0,0.0,0.0,0.0,0.0,0.0,0.0,0.0,0.0,0,7,14,989,final_synthesis_reserve,November,0.9028927639105483,expansion_candidate,memory,memory_mem_6,/workspace/TDCA/batch_outputs/hotpot_random300_seed20260504_20260504_162606/runs/047_47
48,48,Which has more species Laurus or Liriodendron?,Laurus,Laurus,1,1,1.0,1.0,0.0,1.0,1.0,0.0,0.0,0.0,1.0,0,6,12,937,final_synthesis_reserve,Laurus,0.16880000000000003,closed_book_initial,state,state_2,/workspace/TDCA/batch_outputs/hotpot_random300_seed20260504_20260504_162606/runs/048_48
49,49,Are Aladdin and Song of the South produced by the same company?,yes,Yes,1,1,1.0,1.0,0.0,1.0,1.0,0.0,0.0,0.0,1.0,0,5,10,884,final_synthesis_reserve,Yes,0.16880000000000003,closed_book_initial,memory,memory_mem_6,/workspace/TDCA/batch_outputs/hotpot_random300_seed20260504_20260504_162606/runs/049_49
50,50,Who wrote Tom Vaughan's popular 2008 film?,Dana Fox,Dana Fox,1,1,1.0,1.0,1.0,1.0,1.0,1.0,0.0,0.0,1.0,0,7,13,831,frontier_empty,Dana Fox,0.9850063690132304,final_synthesis,state,state_1,/workspace/TDCA/batch_outputs/hotpot_random300_seed20260504_20260504_162606/runs/050_50
51,51,The evil clown is a subversion of the traditional comic clown character with the modern archetype popularised by a book that follows the experiences of how many children?,seven,seven,1,1,1.0,1.0,0.0,1.0,1.0,0.0,0.0,0.0,1.0,0,6,9,603,frontier_empty,seven,0.8363449103528715,expansion_candidate,state,state_4,/workspace/TDCA/batch_outputs/hotpot_random300_seed20260504_20260504_162606/runs/051_51
52,52,Cranium and Twin Tin Bots are both what?,games,board games,0,1,0.666667,0.666667,0.0,0.666667,0.5,0.0,0.0,0.0,0.909091,0,5,10,867,final_synthesis_reserve,board games,0.16880000000000003,closed_book_initial,memory,memory_mem_4,/workspace/TDCA/batch_outputs/hotpot_random300_seed20260504_20260504_162606/runs/052_52
53,53,Who was the head of the Imperial Family that was making an broadcast announcement of Japan's surrender in 1945?,Emperor of Japan,Emperor Hirohito,0,0,0.4,0.4,0.0,0.4,0.303265,0.0,0.0,0.0,0.344828,0,5,10,899,frontier_empty,Emperor Hirohito,0.16880000000000003,closed_book_initial,memory,memory_mem_5,/workspace/TDCA/batch_outputs/hotpot_random300_seed20260504_20260504_162606/runs/053_53
54,54,"Which airport is located in the state of Georgia, Brunswick Golden Isles Airport or Lafayette Regional Airport?",Brunswick Golden Isles Airport,Brunswick Golden Isles Airport,1,1,1.0,1.0,1.0,1.0,1.0,1.0,1.0,1.0,1.0,0,5,12,907,frontier_empty,Brunswick Golden Isles Airport,0.9038829470875852,final_synthesis,memory,memory_mem_6,/workspace/TDCA/batch_outputs/hotpot_random300_seed20260504_20260504_162606/runs/054_54
55,55,What was the code name of the campaign where Joe Foss received a Medal of Honor?,Operation Watchtower,Operation Watchtower,1,1,1.0,1.0,1.0,1.0,1.0,1.0,0.0,0.0,1.0,0,4,9,565,frontier_empty,Operation Watchtower,0.926658193190049,final_synthesis,state,state_3,/workspace/TDCA/batch_outputs/hotpot_random300_seed20260504_20260504_162606/runs/055_55
56,56,"The non-fiction book ""Finding Chandra"" is about an affair between the victim and a congressman that holds a B.B.A from what school?",USC Marshall School of Business,USC,0,1,0.333333,0.333333,0.0,0.333333,0.018316,0.0,0.0,0.0,0.217391,0,11,15,912,final_synthesis_reserve,USC Marshall School of Business,0.8179152368348498,expansion_candidate,memory,memory_mem_6,/workspace/TDCA/batch_outputs/hotpot_random300_seed20260504_20260504_162606/runs/056_56
57,57,"Steve Uzelac played football for which league located in Preston, Lancashire?",North End Football Club,Championship,0,0,0.0,0.0,0.0,0.0,0.0,0.0,0.0,0.0,0.0,0,5,10,623,frontier_empty,Championship,0.8259692791532497,expansion_candidate,state,state_3,/workspace/TDCA/batch_outputs/hotpot_random300_seed20260504_20260504_162606/runs/057_57
58,58,"Which singer is younger, Kenny Greene or Billy Idol?",Kenny Greene,Kenny Greene,1,1,1.0,1.0,1.0,1.0,1.0,1.0,0.0,0.0,1.0,0,7,12,920,final_synthesis_reserve,Kenny Greene,0.16880000000000003,closed_book_initial,memory,memory_mem_4,/workspace/TDCA/batch_outputs/hotpot_random300_seed20260504_20260504_162606/runs/058_58
59,59,What is the name of the popular shopping destination located close to the Taj Mahal and Agra Fort in India?,Sadar Bazaar,Sadar Bazaar,1,1,1.0,1.0,1.0,1.0,1.0,1.0,0.0,0.0,1.0,0,1,4,80,llm_stop_with_root_memory,Sadar Bazaar,0.9474851490606555,memory,memory,memory_mem_4,/workspace/TDCA/batch_outputs/hotpot_random300_seed20260504_20260504_162606/runs/059_59
60,60,The Secret of Moonacre was directed by the founder of which animation studio?,Klasky Csupo,Gábor Csupó,0,0,0.0,0.0,0.0,0.0,0.0,0.0,0.0,0.0,0.0,0,8,13,870,final_synthesis_reserve,Klasky Csupo,0.7968551297981116,expansion_candidate,memory,memory_mem_5,/workspace/TDCA/batch_outputs/hotpot_random300_seed20260504_20260504_162606/runs/060_60
61,61,Do Singapore Sling and Fish House Punch both contain alcohol?,yes,Yes,1,1,1.0,1.0,0.0,1.0,1.0,0.0,0.0,0.0,1.0,0,4,8,589,high_confidence_root_memory,Yes,0.8663075924458551,final_synthesis,memory,memory_mem_6,/workspace/TDCA/batch_outputs/hotpot_random300_seed20260504_20260504_162606/runs/061_61
62,62,"Who is younger, Tony Roche or Renáta Tomanová?",Renáta Tomanová,Renáta Tomanová,1,1,1.0,1.0,1.0,1.0,1.0,1.0,1.0,0.0,1.0,0,6,13,874,final_synthesis_reserve,Renáta Tomanová,0.16880000000000003,closed_book_initial,state,state_5,/workspace/TDCA/batch_outputs/hotpot_random300_seed20260504_20260504_162606/runs/062_62
63,63,"The county that the community of Milltown, Montana is part of was founded in which year?",1860,1860,1,1,1.0,1.0,0.0,1.0,1.0,0.0,0.0,0.0,1.0,0,8,15,961,final_synthesis_reserve,1860,0.9118304998667021,expansion_candidate,state,state_5,/workspace/TDCA/batch_outputs/hotpot_random300_seed20260504_20260504_162606/runs/063_63
64,64,"Which genus has the most number of species, Myrsine or Styrax?",Myrsine,Styrax,0,0,0.0,0.0,0.0,0.0,0.0,0.0,0.0,0.0,0.0,0,5,12,1047,frontier_empty,Styrax,0.16880000000000003,closed_book_initial,state,state_1,/workspace/TDCA/batch_outputs/hotpot_random300_seed20260504_20260504_162606/runs/064_64
65,65,"The actor who plays the grown version of Emma Swan's son, from ""Once Upon a Time"", also plays what character in the television show ""The Walking Dead""?",Gareth,Gareth,1,1,1.0,1.0,0.0,1.0,1.0,0.0,0.0,0.0,1.0,0,4,8,625,frontier_empty,Gareth,0.8738969979639957,expansion_candidate,state,state_3,/workspace/TDCA/batch_outputs/hotpot_random300_seed20260504_20260504_162606/runs/065_65
66,66,Were Jeff Martin and Kyle Patrick both in The Click Five?,no,Yes,0,0,0.0,0.0,0.0,0.0,0.0,0.0,0.0,0.0,0.0,0,6,13,1040,frontier_empty,No,0.9679668450642255,final_synthesis,memory,memory_mem_4,/workspace/TDCA/batch_outputs/hotpot_random300_seed20260504_20260504_162606/runs/066_66
67,67,"Which man, Ibn Tufail or Ali Qushji, is best known for the development of astronomical physics independent from natural philosophy?",Ali Qushji,Ali Qushji,1,1,1.0,1.0,1.0,1.0,1.0,1.0,0.0,0.0,1.0,0,6,11,965,final_synthesis_reserve,Ali Qushji,0.8419563013385665,expansion_candidate,state,state_1,/workspace/TDCA/batch_outputs/hotpot_random300_seed20260504_20260504_162606/runs/067_67
68,68,"The actress who played Laurie Keller in the episode ""Pilot"" of the show Cougartown won what award in 2011?",Critics' Choice Television Award for Best Supporting Actress in a Comedy Series,Primetime Emmy Award for Outstanding Supporting Actress in a Comedy Series,0,0,0.666667,0.666667,0.526316,0.666667,0.633386,0.502687,0.339314,0.258525,0.642202,0,5,11,818,frontier_empty,Primetime Emmy Award for Outstanding Supporting Actress in a Comedy Series,0.16880000000000003,closed_book_initial,state,state_1,/workspace/TDCA/batch_outputs/hotpot_random300_seed20260504_20260504_162606/runs/068_68
69,69,MadMaze was developed by Eric Goldberg as what type of game?,role-playing game,online video game,0,0,0.333333,0.333333,0.0,0.333333,0.333333,0.0,0.0,0.0,0.333333,0,2,7,266,llm_stop_with_root_memory,online video game,0.9623609534857818,intermediate_answer,memory,memory_mem_4,/workspace/TDCA/batch_outputs/hotpot_random300_seed20260504_20260504_162606/runs/069_69
70,70,What singer who sang in church during her childhood did Stacy Barthe pen album tracks for?,Katy Perry,Katy Perry,1,1,1.0,1.0,1.0,1.0,1.0,1.0,0.0,0.0,1.0,0,6,12,913,final_synthesis_reserve,Katy Perry,0.9881741282177053,final_synthesis,memory,memory_mem_9,/workspace/TDCA/batch_outputs/hotpot_random300_seed20260504_20260504_162606/runs/070_70
71,71,"Who was this American Founding Father, a proponent of democracy, republicanism, and individual rights, examined Ice Age fossils of Kentucky's Big Bone Lick?",Thomas Jefferson,Thomas Jefferson,1,1,1.0,1.0,1.0,1.0,1.0,1.0,0.0,0.0,1.0,0,6,11,943,final_synthesis_reserve,Thomas Jefferson,0.8642079570968277,expansion_candidate,state,state_1,/workspace/TDCA/batch_outputs/hotpot_random300_seed20260504_20260504_162606/runs/071_71
72,72,When did the Italian luxury fashion house which Daas has appeared in campaigns for brands like founded,in 1985,1985,0,1,0.666667,0.666667,0.0,0.666667,0.367879,0.0,0.0,0.0,0.526316,0,6,13,1018,frontier_empty,1985,0.960187840540868,expansion_candidate,state,state_4,/workspace/TDCA/batch_outputs/hotpot_random300_seed20260504_20260504_162606/runs/072_72
73,73,Tui Flower and Julia child were both known for what?,Cooking,food writing,0,0,0.0,0.0,0.0,0.0,0.0,0.0,0.0,0.0,0.0,0,6,13,949,final_synthesis_reserve,Cooking and television cooking shows,0.16880000000000003,closed_book_initial,memory,memory_mem_5,/workspace/TDCA/batch_outputs/hotpot_random300_seed20260504_20260504_162606/runs/073_73
74,74,What was Todd Boehly's former position at the firm where Mark Walter is the CEO?,president,President,1,1,1.0,1.0,0.0,1.0,1.0,0.0,0.0,0.0,1.0,0,8,16,979,final_synthesis_reserve,President,0.9618589302379412,final_synthesis,state,state_1,/workspace/TDCA/batch_outputs/hotpot_random300_seed20260504_20260504_162606/runs/074_74
75,75,Are Alek Keshishian and Kirk Kerkorian both Armenian-American?,yes,Yes,1,1,1.0,1.0,0.0,1.0,1.0,0.0,0.0,0.0,1.0,0,7,12,875,final_synthesis_reserve,Yes,0.9748606180850784,final_synthesis,state,state_1,/workspace/TDCA/batch_outputs/hotpot_random300_seed20260504_20260504_162606/runs/075_75
76,76,This radio programme that originally aired from October 1995 to April 2000 starred a critic working in what field?,pop music and popular culture,pop music and popular culture,1,1,1.0,1.0,1.0,1.0,1.0,1.0,1.0,1.0,1.0,0,7,14,945,final_synthesis_reserve,pop music and popular culture,0.7805499268834383,expansion_candidate,state,state_3,/workspace/TDCA/batch_outputs/hotpot_random300_seed20260504_20260504_162606/runs/076_76
77,77,What collegiate division does the team coached by P.W. Underwood play in?,Division I,NCAA Division I Football Bowl Subdivision,0,1,0.5,0.5,0.333333,0.5,0.333333,0.2,0.0,0.0,0.833333,0,8,13,751,frontier_empty,NCAA Division I Football Bowl Subdivision,0.9759557320942392,final_synthesis,state,state_3,/workspace/TDCA/batch_outputs/hotpot_random300_seed20260504_20260504_162606/runs/077_77
78,78,Who was the son and heir of Henry Beauclerc?,William Adelin,William Adelin,1,1,1.0,1.0,1.0,1.0,1.0,1.0,0.0,0.0,1.0,0,8,12,940,final_synthesis_reserve,William Adelin,0.9161921388848331,expansion_candidate,state,state_3,/workspace/TDCA/batch_outputs/hotpot_random300_seed20260504_20260504_162606/runs/078_78
79,79,Which segment of If These Walls Could Talk did the Goddess of Pop direct?,the third,the third segment,0,1,0.666667,0.666667,0.0,0.666667,0.5,0.0,0.0,0.0,0.909091,0,8,17,915,final_synthesis_reserve,the third segment,0.8956284747652098,final_synthesis,state,state_1,/workspace/TDCA/batch_outputs/hotpot_random300_seed20260504_20260504_162606/runs/079_79
80,80,Who is is known domestically for his humorous videos and stage performances and released his sixth studio album in 2012?,Psy,Bo Burnham,0,0,0.0,0.0,0.0,0.0,0.0,0.0,0.0,0.0,0.0,0,5,11,878,final_synthesis_reserve,Bo Burnham,0.16880000000000003,closed_book_initial,state,state_1,/workspace/TDCA/batch_outputs/hotpot_random300_seed20260504_20260504_162606/runs/080_80
81,81,"During the 2004-05 Atlanta Hawks season, the team acquired a former professional basketball player, who is the current head coach of what team?",Cleveland Cavaliers,Tulane University men's basketball team,0,0,0.0,0.0,0.0,0.0,0.0,0.0,0.0,0.0,0.0,0,5,11,915,final_synthesis_reserve,Tulane University men's basketball team,0.955935631339531,final_synthesis,state,state_1,/workspace/TDCA/batch_outputs/hotpot_random300_seed20260504_20260504_162606/runs/081_81
82,82,"What mine was operated by Royal Oak Mines at at earlier date, Kemess Mine or Colomac Mine?",The Colomac Mine,Colomac Mine,1,1,1.0,1.0,1.0,1.0,1.0,1.0,0.0,0.0,1.0,0,5,13,993,final_synthesis_reserve,Colomac Mine,0.8573948816499498,final_synthesis,state,state_1,/workspace/TDCA/batch_outputs/hotpot_random300_seed20260504_20260504_162606/runs/082_82
83,83,In which football league does the son of Souleyman Sané play?,Premier League,Premier League,1,1,1.0,1.0,1.0,1.0,1.0,1.0,0.0,0.0,1.0,0,6,13,882,frontier_empty,Premier League,0.8240366227996444,expansion_candidate,state,state_5,/workspace/TDCA/batch_outputs/hotpot_random300_seed20260504_20260504_162606/runs/083_83
84,84,Who is younger Chris Gould or Robbie Gould ?,Chris Gould,Chris Gould,1,1,1.0,1.0,1.0,1.0,1.0,1.0,0.0,0.0,1.0,0,7,10,923,final_synthesis_reserve,Chris Gould,0.8502377074582098,expansion_candidate,state,state_1,/workspace/TDCA/batch_outputs/hotpot_random300_seed20260504_20260504_162606/runs/084_84
85,85,"Which player won more Grand Slam titles, Kevin Ullyett or Billie Jean King?",Billie Jean King,Billie Jean King,1,1,1.0,1.0,1.0,1.0,1.0,1.0,1.0,0.0,1.0,0,5,10,932,final_synthesis_reserve,Billie Jean King,0.16880000000000003,closed_book_initial,state,state_4,/workspace/TDCA/batch_outputs/hotpot_random300_seed20260504_20260504_162606/runs/085_85
86,86,What is the total circulation of the magazine that called Ohio State Route 78 one of the most scenic highways nationwide?,Car and Driver,1.23 million,0,0,0.0,0.0,0.0,0.0,0.0,0.0,0.0,0.0,0.0,0,7,13,858,frontier_empty,1.23 million,0.8996455834061575,expansion_candidate,state,state_3,/workspace/TDCA/batch_outputs/hotpot_random300_seed20260504_20260504_162606/runs/086_86
87,87,Who was involved in observing the natural progression of untreated syphilis in rural African-American men in Alabama?,John Charles Cutler,Public Health Service,0,0,0.0,0.0,0.0,0.0,0.0,0.0,0.0,0.0,0.0,0,2,8,953,final_synthesis_reserve,Public Health Service,0.9694628634757302,intermediate_answer,memory,memory_mem_4,/workspace/TDCA/batch_outputs/hotpot_random300_seed20260504_20260504_162606/runs/087_87
88,88,Command and Control was a book that discusses the 1980 incident in what state?,Arkansas,Arkansas,1,1,1.0,1.0,0.0,1.0,1.0,0.0,0.0,0.0,1.0,0,8,13,725,frontier_empty,Arkansas,0.8712599164617197,final_synthesis,state,state_1,/workspace/TDCA/batch_outputs/hotpot_random300_seed20260504_20260504_162606/runs/088_88
89,89,Aughton Park railway station is on a branch of the Northern Line how far from Liverpool?,12+3/4 mi northeast of Liverpool,11½ miles (19 km),0,0,0.0,0.0,0.0,0.0,0.0,0.0,0.0,0.0,0.0,0,1,4,92,llm_stop_with_root_memory,11½ miles (19 km),0.9129643958882072,memory,memory,memory_mem_4,/workspace/TDCA/batch_outputs/hotpot_random300_seed20260504_20260504_162606/runs/089_89
90,90,"Between Greyia and Calibanus, which genus contains more species?",Greyia,Greyia,1,1,1.0,1.0,0.0,1.0,1.0,0.0,0.0,0.0,1.0,0,6,13,1036,frontier_empty,Greyia,0.16880000000000003,closed_book_initial,state,state_1,/workspace/TDCA/batch_outputs/hotpot_random300_seed20260504_20260504_162606/runs/090_90
91,91,"In the seventh-largest country in Africa, what is the oil prodcution of the city at the mouth of the Congo River?",1200000 oilbbl/d,1200000 oilbbl/d,1,1,1.0,1.0,1.0,1.0,1.0,1.0,1.0,0.0,1.0,0,1,6,768,llm_stop_with_root_memory,1200000 oilbbl/d,0.9136814676230257,memory,memory,memory_mem_4,/workspace/TDCA/batch_outputs/hotpot_random300_seed20260504_20260504_162606/runs/091_91
92,92,WWE Super Tuesday took place at an arena that currently goes by what name?,TD Garden,TD Garden,1,1,1.0,1.0,1.0,1.0,1.0,1.0,0.0,0.0,1.0,0,7,11,740,frontier_empty,TD Garden,0.8691168412322727,expansion_candidate,state,state_4,/workspace/TDCA/batch_outputs/hotpot_random300_seed20260504_20260504_162606/runs/092_92
93,93,"Who was from farther west, Max Neufeld or Eduard Zahariev?",Max Neufeld,Eduard Zahariev,0,0,0.0,0.0,0.0,0.0,0.0,0.0,0.0,0.0,0.0,0,6,11,978,final_synthesis_reserve,Eduard Zahariev,0.16880000000000003,closed_book_initial,memory,memory_mem_4,/workspace/TDCA/batch_outputs/hotpot_random300_seed20260504_20260504_162606/runs/093_93
94,94,"The castle where ""Spook Squad"" was filmed is in what part of Scotland?","Aberdeenshire, Scotland",Aberdeenshire,0,1,0.666667,0.666667,0.0,0.666667,0.367879,0.0,0.0,0.0,0.526316,0,3,9,442,frontier_empty,Lancashire whose father bought R,0.808150562644707,expansion_candidate,memory,memory_mem_6,/workspace/TDCA/batch_outputs/hotpot_random300_seed20260504_20260504_162606/runs/094_94
95,95,Who aided the Colorado forces in the Uruguayan war?,Argentina,United Kingdom,0,0,0.0,0.0,0.0,0.0,0.0,0.0,0.0,0.0,0.0,0,6,12,880,final_synthesis_reserve,,0.0,,memory,memory_mem_4,/workspace/TDCA/batch_outputs/hotpot_random300_seed20260504_20260504_162606/runs/095_95
96,96,"In The Passion of the Christ, who did Monica Bellucci play?",Mary Magdalene,Mary Magdalene,1,1,1.0,1.0,1.0,1.0,1.0,1.0,0.0,0.0,1.0,0,1,4,81,llm_stop_with_root_memory,Mary Magdalene,0.9382482920783346,memory,memory,memory_mem_4,/workspace/TDCA/batch_outputs/hotpot_random300_seed20260504_20260504_162606/runs/096_96
97,97,Bullewijk metro station is part of a mixed rapid transit and light rail system that is how many km long?,42.5,42,0,1,0.666667,0.666667,0.0,0.666667,0.367879,0.0,0.0,0.0,0.526316,0,8,13,789,frontier_empty,42,0.9555612932883116,final_synthesis,state,state_1,/workspace/TDCA/batch_outputs/hotpot_random300_seed20260504_20260504_162606/runs/097_97
98,98,The King of Hollywood starred in what 1932 American pre-Code dram film?,Strange Interlude,Red Dust (1932 film),0,0,0.0,0.0,0.0,0.0,0.0,0.0,0.0,0.0,0.0,0,4,9,846,frontier_empty,Red Dust (1932 film),0.7562111776786713,grounded,state,state_3,/workspace/TDCA/batch_outputs/hotpot_random300_seed20260504_20260504_162606/runs/098_98
99,99,Who is younger Kirk Humphreys or Tom Coburn?,Kirk Humphreys,Kirk Humphreys,1,1,1.0,1.0,1.0,1.0,1.0,1.0,0.0,0.0,1.0,0,7,9,910,final_synthesis_reserve,Kirk Humphreys,0.8547334139149595,expansion_candidate,state,state_5,/workspace/TDCA/batch_outputs/hotpot_random300_seed20260504_20260504_162606/runs/099_99
100,100,"Which band was formed in a country closer to England, Kodaline or Rivermaya ?",Kodaline,Rivermaya,0,0,0.0,0.0,0.0,0.0,0.0,0.0,0.0,0.0,0.0,0,5,11,989,final_synthesis_reserve,Rivermaya,0.8976110798545072,final_synthesis,memory,memory_mem_8,/workspace/TDCA/batch_outputs/hotpot_random300_seed20260504_20260504_162606/runs/100_100
101,101,Who passed away first Max Ophüls and Shirley Clarke ?,Max Ophüls,Max Ophüls,1,1,1.0,1.0,1.0,1.0,1.0,1.0,1.0,0.0,1.0,0,5,10,873,final_synthesis_reserve,Max Ophüls,0.16880000000000003,closed_book_initial,state,state_1,/workspace/TDCA/batch_outputs/hotpot_random300_seed20260504_20260504_162606/runs/101_101
102,102,Where are Catcha Lake and Hedley Mascot Mine located?,"British Columbia, Canada","The Hedley Mascot Mine was in Hedley, British Columbia, Canada; Catcha Lake is in Nova Scotia's Halifax Regional Municipality",0,1,0.272727,0.272727,0.2,0.272727,0.157895,0.111111,0.058824,0.0,0.652174,0,8,12,957,final_synthesis_reserve,De Beers Victor Diamond Mine amounted to,0.9112956900774081,expansion_candidate,memory,memory_mem_6,/workspace/TDCA/batch_outputs/hotpot_random300_seed20260504_20260504_162606/runs/102_102
103,103,AVN Media Network has as part of their business what convention and trade show that takes place every January in Las Vegas Nevada?,AVN Adult Entertainment Expo,AVN Adult Entertainment Expo,1,1,1.0,1.0,1.0,1.0,1.0,1.0,1.0,1.0,1.0,0,5,9,318,frontier_empty,AVN Adult Entertainment Expo,0.9496093247163022,memory,memory,memory_mem_4,/workspace/TDCA/batch_outputs/hotpot_random300_seed20260504_20260504_162606/runs/103_103
104,104,Who founded O Magazine that contained Elissa Schappell's second book of fiction?,Oprah Winfrey and Hearst Communications,Oprah Winfrey,0,1,0.571429,0.571429,0.4,0.571429,0.22313,0.22313,0.0,0.0,0.425532,0,8,14,966,final_synthesis_reserve,Oprah Winfrey,0.8608140740957045,final_synthesis,state,state_1,/workspace/TDCA/batch_outputs/hotpot_random300_seed20260504_20260504_162606/runs/104_104
105,105,Which British racing driver has raced for 7 different teams and won the European Grand Prix in 1999?,Johnny Herbert,Johnny Herbert,1,1,1.0,1.0,1.0,1.0,1.0,1.0,0.0,0.0,1.0,0,7,12,962,final_synthesis_reserve,Johnny Herbert,0.8475627867940629,expansion_candidate,state,state_1,/workspace/TDCA/batch_outputs/hotpot_random300_seed20260504_20260504_162606/runs/105_105
106,106,What is the organized crime syndicate founded and led by Carlos Alberto Rosales Mendoza who is friends with Osiel Cárdenas Guillén?,La Familia Michoacana,La Familia Michoacana,1,1,1.0,1.0,1.0,1.0,1.0,1.0,1.0,0.0,1.0,0,1,4,86,llm_stop_with_root_memory,La Familia Michoacana,0.9432985051013308,memory,memory,memory_mem_4,/workspace/TDCA/batch_outputs/hotpot_random300_seed20260504_20260504_162606/runs/106_106
107,107,"What is the birth name of the disc jockey that notably used Mark Wirtz's song ""A Touch of Velvet, A Sting of Brass"" on their Radio Caroline show?",David Patrick Griffin,Antony Kenneth Blackburn,0,0,0.0,0.0,0.0,0.0,0.0,0.0,0.0,0.0,0.0,0,5,10,960,final_synthesis_reserve,Antony Kenneth Blackburn,0.935603380760838,final_synthesis,memory,memory_mem_6,/workspace/TDCA/batch_outputs/hotpot_random300_seed20260504_20260504_162606/runs/107_107
108,108,"What city did the name come from for the Polish truck manufacturer who sold to various countries, including more than the socialist states of Central and Eastern Europe?",City of Starachowice,Starachowice,0,1,0.5,0.5,0.0,0.5,0.135335,0.0,0.0,0.0,0.357143,0,8,13,708,frontier_empty,Starachowice,0.856377801247946,expansion_candidate,memory,memory_mem_7,/workspace/TDCA/batch_outputs/hotpot_random300_seed20260504_20260504_162606/runs/108_108
109,109,What is the name of the English poet who wrote a poem titled Don Juan and also served as the real-life model of a character in the novel Glenarvon?,Lord Byron,Lord Byron,1,1,1.0,1.0,1.0,1.0,1.0,1.0,0.0,0.0,1.0,0,6,11,886,final_synthesis_reserve,Lord Byron,0.8971583519353723,final_synthesis,memory,memory_mem_6,/workspace/TDCA/batch_outputs/hotpot_random300_seed20260504_20260504_162606/runs/109_109
110,110,"High School Confidential, an eight part documentary followed twelve high school teenagers from a high school in Overland Park, Kansas that ranked what in the 2009 Newsweek ranking of the top 1,500 high schools in the United States?",#364,364,1,1,1.0,1.0,0.0,1.0,1.0,0.0,0.0,0.0,1.0,0,7,11,753,frontier_empty,364,0.8897160314023053,expansion_candidate,state,state_1,/workspace/TDCA/batch_outputs/hotpot_random300_seed20260504_20260504_162606/runs/110_110
111,111,Both José Aponte de la Torre Airport and Boulder City Municipal Airport are classified as what type of airport?,public use airport,General aviation airport,0,0,0.333333,0.333333,0.0,0.333333,0.333333,0.0,0.0,0.0,0.333333,0,5,12,892,final_synthesis_reserve,General aviation airport,0.16880000000000003,closed_book_initial,memory,memory_mem_4,/workspace/TDCA/batch_outputs/hotpot_random300_seed20260504_20260504_162606/runs/111_111
112,112,"The historical Nimavar school in the Nimavar Bazaar, or bazar, is located in which country?",Iran,Iran,1,1,1.0,1.0,0.0,1.0,1.0,0.0,0.0,0.0,1.0,0,1,4,72,llm_stop_with_root_memory,Iran,0.9376037641086395,memory,memory,memory_mem_4,/workspace/TDCA/batch_outputs/hotpot_random300_seed20260504_20260504_162606/runs/112_112
113,113,Who acquired a luxury hotel and casino in Las Vegas?,Timothy Poster and Thomas Breitling,"Landry's, Inc",0,0,0.0,0.0,0.0,0.0,0.0,0.0,0.0,0.0,0.0,0,8,15,899,final_synthesis_reserve,"Landry's, Inc",0.9944454597748723,final_synthesis,state,state_1,/workspace/TDCA/batch_outputs/hotpot_random300_seed20260504_20260504_162606/runs/113_113
114,114,What magazine was started in 1925 and features the work of Barry Werth?,The New Yorker,The New Yorker,1,1,1.0,1.0,1.0,1.0,1.0,1.0,0.0,0.0,1.0,0,4,10,760,llm_stop_with_root_memory,The New Yorker,0.8906715448018961,final_synthesis,memory,memory_mem_6,/workspace/TDCA/batch_outputs/hotpot_random300_seed20260504_20260504_162606/runs/114_114
115,115,An American pharmacist was inspired to invent cola due to what recipe from  Angelo Mariani?,coca wine,Vin Mariani,0,0,0.0,0.0,0.0,0.0,0.0,0.0,0.0,0.0,0.0,0,4,9,467,frontier_empty,coca wine,0.838957353229349,expansion_candidate,memory,memory_mem_5,/workspace/TDCA/batch_outputs/hotpot_random300_seed20260504_20260504_162606/runs/115_115
116,116,The Chinese actress also known as Crystal Liu stars in Night Peacock with which three other actresses?,"Liu Ye, Yu Shaoqun and Leon Lai","Liu Ye, Yu Shaoqun and Leon Lai",1,1,1.0,1.0,1.0,1.0,1.0,1.0,1.0,1.0,1.0,0,7,15,947,final_synthesis_reserve,"Liu Ye, Yu Shaoqun, Leon Lai",0.7975242405635112,expansion_candidate,memory,memory_mem_6,/workspace/TDCA/batch_outputs/hotpot_random300_seed20260504_20260504_162606/runs/116_116
117,117,How many households does the network that Di-Gata Defenders plays on in South Africa reach?,1.5 million households,,0,0,0.0,0.0,0.0,0.0,0.0,0.0,0.0,0.0,0.0,0,6,12,891,final_synthesis_reserve,,0.0,,state,state_3,/workspace/TDCA/batch_outputs/hotpot_random300_seed20260504_20260504_162606/runs/117_117
118,118,What type of diary did one of the founders of the John Bishop Memorial Hospital in Srinagar write?,a travel diary,travel diary,1,1,1.0,1.0,1.0,1.0,1.0,1.0,0.0,0.0,1.0,0,6,13,956,final_synthesis_reserve,Medical diary,0.16880000000000003,closed_book_initial,memory,memory_mem_4,/workspace/TDCA/batch_outputs/hotpot_random300_seed20260504_20260504_162606/runs/118_118
119,119,Thomas Anthony Jankiewicz was best known for penning a film staring an actress who played Fiona Bowa on what NBC sitcom?,About a Boy,Minnie Driver,0,0,0.0,0.0,0.0,0.0,0.0,0.0,0.0,0.0,0.0,0,7,10,896,final_synthesis_reserve,Tom Jankiewicz,0.6107968096522379,expansion_candidate,memory,memory_mem_5,/workspace/TDCA/batch_outputs/hotpot_random300_seed20260504_20260504_162606/runs/119_119
120,120,"Which former ""Home and Away"" actor stars in the film ""Office Uprising""?",Brenton Thwaites,Brenton Thwaites,1,1,1.0,1.0,1.0,1.0,1.0,1.0,0.0,0.0,1.0,0,6,11,964,final_synthesis_reserve,Home and Away: Revenge,0.8988709886606655,expansion_candidate,memory,memory_mem_5,/workspace/TDCA/batch_outputs/hotpot_random300_seed20260504_20260504_162606/runs/120_120
121,121,Which is the Birthplace of Sir Isaac Newton and has a neighboring village called Belvor?,Woolsthorpe,Woolsthorpe-by-Colsterworth,0,1,0.5,0.5,0.0,0.5,0.333333,0.0,0.0,0.0,0.833333,0,6,13,1009,final_synthesis_reserve,Woolsthorpe-by-Colsterworth,0.9683648193066489,final_synthesis,memory,memory_mem_8,/workspace/TDCA/batch_outputs/hotpot_random300_seed20260504_20260504_162606/runs/121_121
122,122,A Big Daddy is a fictional character in a series that has sold more than how many copies?,25 million copies,Big Daddy (BioShock),0,0,0.0,0.0,0.0,0.0,0.0,0.0,0.0,0.0,0.0,0,8,15,1009,frontier_empty,Big Daddy (BioShock),0.7679899722367319,expansion_candidate,state,state_1,/workspace/TDCA/batch_outputs/hotpot_random300_seed20260504_20260504_162606/runs/122_122
123,123,What private university in Virginia did Jamal Benjamin Brooks play college football at?,Hampton University,Hampton University,1,1,1.0,1.0,1.0,1.0,1.0,1.0,0.0,0.0,1.0,0,6,11,578,frontier_empty,Hampton University,0.848042147356523,expansion_candidate,state,state_1,/workspace/TDCA/batch_outputs/hotpot_random300_seed20260504_20260504_162606/runs/123_123
124,124,Prince Michael of Prussia was a member of the house that arose in what town in the 11th century?,Hechingen in Swabia,Hechingen,0,1,0.5,0.5,0.0,0.5,0.135335,0.0,0.0,0.0,0.357143,0,9,14,958,frontier_empty,Hechingen,0.8462125234609938,expansion_candidate,state,state_1,/workspace/TDCA/batch_outputs/hotpot_random300_seed20260504_20260504_162606/runs/124_124
125,125,Are Wake Forest University and Pennsylvania State University both located in the US?,yes,Yes,1,1,1.0,1.0,0.0,1.0,1.0,0.0,0.0,0.0,1.0,0,7,12,874,final_synthesis_reserve,Yes,0.8464762254853945,expansion_candidate,state,state_7,/workspace/TDCA/batch_outputs/hotpot_random300_seed20260504_20260504_162606/runs/125_125
126,126,Which film industry would have films in which Ilya Khrzhanovsky would be the director?,The cinema of Russia,"Moscow, Soviet Union",0,0,0.0,0.0,0.0,0.0,0.0,0.0,0.0,0.0,0.0,0,7,14,1001,final_synthesis_reserve,Ilya Khrzhanovsky. The,0.8675891228986532,grounded,memory,memory_mem_5,/workspace/TDCA/batch_outputs/hotpot_random300_seed20260504_20260504_162606/runs/126_126
127,127,"Which 18th-century canal was longer, the Sandy and Beaver Canal in Ohio or New Jersey's Morris Canal?",Morris Canal,Morris Canal,1,1,1.0,1.0,1.0,1.0,1.0,1.0,0.0,0.0,1.0,0,5,11,891,final_synthesis_reserve,Morris Canal,0.16880000000000003,closed_book_initial,memory,memory_mem_5,/workspace/TDCA/batch_outputs/hotpot_random300_seed20260504_20260504_162606/runs/127_127
128,128,Are the 1908 Ex parte Young and 1948 McCollum v. Board of Education United States Supreme Court cases related to each other in any way?,no,No,1,1,1.0,1.0,0.0,1.0,1.0,0.0,0.0,0.0,1.0,0,4,8,957,final_synthesis_reserve,No,0.16880000000000003,closed_book_initial,state,state_1,/workspace/TDCA/batch_outputs/hotpot_random300_seed20260504_20260504_162606/runs/128_128
129,129,"Which genus of plant grows originally in Mexico and Guatemala, Phylica or Weldenia?",Weldenia,Weldenia,1,1,1.0,1.0,0.0,1.0,1.0,0.0,0.0,0.0,1.0,0,7,12,910,final_synthesis_reserve,Weldenia,0.8362499963596879,expansion_candidate,memory,memory_mem_6,/workspace/TDCA/batch_outputs/hotpot_random300_seed20260504_20260504_162606/runs/129_129
130,130,Shadi Attieh is often referred to as the Lebanese version of a footballer who plays for what Major League Soccer team?,Los Angeles Galaxy,Los Angeles Galaxy,1,1,1.0,1.0,1.0,1.0,1.0,1.0,1.0,0.0,1.0,0,8,15,888,final_synthesis_reserve,Los Angeles Galaxy,0.8459505349835901,expansion_candidate,state,state_1,/workspace/TDCA/batch_outputs/hotpot_random300_seed20260504_20260504_162606/runs/130_130
131,131,"Was Pennsylvania State University or University of California, San Francisco founded first?",Pennsylvania State University,"March 26, 1935",0,0,0.0,0.0,0.0,0.0,0.0,0.0,0.0,0.0,0.0,0,7,13,926,final_synthesis_reserve,"March 26, 1935",0.9397150344859958,expansion_candidate,state,state_4,/workspace/TDCA/batch_outputs/hotpot_random300_seed20260504_20260504_162606/runs/131_131
132,132,"Mr. Wilson's Cabinet of Wonder: Pronged Ants, Horned Humans, Mice on Toast, and Other Marvels of Jurassic Technology is a book about a museum that is located in which city ?",Los Angeles,Los Angeles,1,1,1.0,1.0,1.0,1.0,1.0,1.0,0.0,0.0,1.0,0,7,13,934,frontier_empty,David Hildebrand Wilson,0.8867324849608758,expansion_candidate,memory,memory_mem_5,/workspace/TDCA/batch_outputs/hotpot_random300_seed20260504_20260504_162606/runs/132_132
133,133,What actor born in 1951 starred in Aaj Ka Robin Hood?,Nana Patekar,Nana Patekar,1,1,1.0,1.0,1.0,1.0,1.0,1.0,0.0,0.0,1.0,0,7,12,875,final_synthesis_reserve,Nana Patekar,0.9018318989126337,expansion_candidate,state,state_1,/workspace/TDCA/batch_outputs/hotpot_random300_seed20260504_20260504_162606/runs/133_133
134,134,Are Der Rosenkavalier and I Capuleti e i Montecchi both comic operas?,no,No,1,1,1.0,1.0,0.0,1.0,1.0,0.0,0.0,0.0,1.0,0,6,10,902,final_synthesis_reserve,No,0.16880000000000003,closed_book_initial,state,state_1,/workspace/TDCA/batch_outputs/hotpot_random300_seed20260504_20260504_162606/runs/134_134
135,135,"Produce 101, which produced I.O.I, cost the company Mnet how much to produce?",about four billion won,four billion won,0,1,0.857143,0.857143,0.8,0.857143,0.716531,0.716531,0.716531,0.0,0.769231,0,6,13,921,final_synthesis_reserve,four billion won,0.9115566757439727,expansion_candidate,state,state_1,/workspace/TDCA/batch_outputs/hotpot_random300_seed20260504_20260504_162606/runs/135_135
136,136,The German who is credited with inventing the V-2 rocket and Saturn V was also a supervisor of what NASA program?,Applications Technology Satellites,Apollo program,0,0,0.0,0.0,0.0,0.0,0.0,0.0,0.0,0.0,0.0,0,6,14,1016,final_synthesis_reserve,Apollo program,0.16880000000000003,closed_book_initial,memory,memory_mem_4,/workspace/TDCA/batch_outputs/hotpot_random300_seed20260504_20260504_162606/runs/136_136
137,137,The Death Camp of Tolerance is an episode from an animated television series that was created by which two people?,Trey Parker and Matt Stone,Trey Parker and Matt Stone,1,1,1.0,1.0,1.0,1.0,1.0,1.0,1.0,1.0,1.0,0,8,17,1071,frontier_empty,Trey Parker and Matt Stone,0.9379256635200411,expansion_candidate,memory,memory_mem_6,/workspace/TDCA/batch_outputs/hotpot_random300_seed20260504_20260504_162606/runs/137_137
138,138,What is the name of the largest publicly owned company in Minnesota that is situated in Minnesota's most populous county?,United Healthcare,United Healthcare,1,1,1.0,1.0,1.0,1.0,1.0,1.0,0.0,0.0,1.0,0,6,14,989,final_synthesis_reserve,United Healthcare,0.8833618138453139,final_synthesis,memory,memory_mem_5,/workspace/TDCA/batch_outputs/hotpot_random300_seed20260504_20260504_162606/runs/138_138
139,139,"Who has more singles titles, Brian Gottfried or Peter Fleming?",21,Brian Gottfried,0,0,0.0,0.0,0.0,0.0,0.0,0.0,0.0,0.0,0.0,0,6,13,885,final_synthesis_reserve,Brian Gottfried,0.16880000000000003,closed_book_initial,state,state_4,/workspace/TDCA/batch_outputs/hotpot_random300_seed20260504_20260504_162606/runs/139_139
140,140,"At what intersection was the former home of the wooden roller coaster now located at Six Flags Great America in Gurnee, Illinois located?",North Avenue and First Avenue,North Avenue and First Avenue,1,1,1.0,1.0,1.0,1.0,1.0,1.0,1.0,1.0,1.0,0,8,13,634,frontier_empty,North Avenue and First Avenue,0.9309823787915374,expansion_candidate,state,state_1,/workspace/TDCA/batch_outputs/hotpot_random300_seed20260504_20260504_162606/runs/140_140
141,141,Which Comcast-owned film studio produced the movie Radio Patrol?,Universal Pictures,Universal Pictures,1,1,1.0,1.0,1.0,1.0,1.0,1.0,0.0,0.0,1.0,0,9,13,941,final_synthesis_reserve,Universal Pictures,0.8724568828564504,expansion_candidate,state,state_1,/workspace/TDCA/batch_outputs/hotpot_random300_seed20260504_20260504_162606/runs/141_141
142,142,"Which character did this Australian-American actress who appeared in the movie ""Felony"" play in the Australian soap opera ""Home and Away?""",Angel Parrish,Angel Parrish,1,1,1.0,1.0,1.0,1.0,1.0,1.0,0.0,0.0,1.0,0,7,12,748,frontier_empty,Angel Parrish,0.9235920836565337,expansion_candidate,state,state_3,/workspace/TDCA/batch_outputs/hotpot_random300_seed20260504_20260504_162606/runs/142_142
143,143,Huell Howser provided the voice of Backson in Disney's what numbered animated film?,51st Disney animated feature film.,51st,0,1,0.333333,0.333333,0.0,0.333333,0.018316,0.0,0.0,0.0,0.217391,0,7,12,987,frontier_empty,51st,1.0,final_synthesis,state,state_1,/workspace/TDCA/batch_outputs/hotpot_random300_seed20260504_20260504_162606/runs/143_143
144,144,In which tier of the English football league system does the team which competed against Notts County in the 1894 FA Cup Final currently compete?,second,Championship,0,0,0.0,0.0,0.0,0.0,0.0,0.0,0.0,0.0,0.0,0,7,13,978,frontier_empty,Championship,0.8488650571592825,expansion_candidate,state,state_4,/workspace/TDCA/batch_outputs/hotpot_random300_seed20260504_20260504_162606/runs/144_144
145,145,In which Sottish Region is the castle in which] Sir Roger de Kirkpatrick was born ?,"Dumfries and Galloway,",,0,0,0.0,0.0,0.0,0.0,0.0,0.0,0.0,0.0,0.0,0,4,8,562,frontier_empty,,0.0,,state,state_1,/workspace/TDCA/batch_outputs/hotpot_random300_seed20260504_20260504_162606/runs/145_145
146,146,"Who wrote lyrics for both ""Little Shop of Horrors"" and the song ""Be Our Guest?""",Howard Elliott Ashman,Howard Ashman,0,1,0.8,0.8,0.0,0.8,0.606531,0.0,0.0,0.0,0.689655,0,4,10,674,high_confidence_root_memory,Howard Ashman,0.864626630076867,expansion_candidate,memory,memory_mem_6,/workspace/TDCA/batch_outputs/hotpot_random300_seed20260504_20260504_162606/runs/146_146
147,147,In which city have Gary Ayres and Neil Craig both been head coach of the Crows?,Adelaide,Adelaide,1,1,1.0,1.0,0.0,1.0,1.0,0.0,0.0,0.0,1.0,0,5,13,922,frontier_empty,Adelaide,0.9915532983473183,final_synthesis,state,state_1,/workspace/TDCA/batch_outputs/hotpot_random300_seed20260504_20260504_162606/runs/147_147
148,148,"Who was born more recently, Billy Corgan or Jeff Martin?","""Billy"" Corgan",Billy Corgan,1,1,1.0,1.0,1.0,1.0,1.0,1.0,0.0,0.0,1.0,0,6,12,894,final_synthesis_reserve,Billy Corgan,0.16880000000000003,closed_book_initial,state,state_5,/workspace/TDCA/batch_outputs/hotpot_random300_seed20260504_20260504_162606/runs/148_148
149,149,Pokémon: Arceus and the Jewel of Life and Totally Spies! The Movie both released in what year?,2009,2009,1,1,1.0,1.0,0.0,1.0,1.0,0.0,0.0,0.0,1.0,0,7,14,933,frontier_empty,2009,0.9085990511319275,expansion_candidate,state,state_2,/workspace/TDCA/batch_outputs/hotpot_random300_seed20260504_20260504_162606/runs/149_149
150,150,The English chef known for his back-to-basics philosphy has a sister named what?,Sophy,Jane,0,0,0.0,0.0,0.0,0.0,0.0,0.0,0.0,0.0,0.0,0,6,14,929,final_synthesis_reserve,Jane Fearnley-Whittingstall,0.9368123916881401,final_synthesis,memory,memory_mem_4,/workspace/TDCA/batch_outputs/hotpot_random300_seed20260504_20260504_162606/runs/150_150
151,151,When was the brewery founded which has The Stag Inn Hastings as a tied house ?,1698,1698,1,1,1.0,1.0,0.0,1.0,1.0,0.0,0.0,0.0,1.0,0,7,15,980,final_synthesis_reserve,1845,0.16880000000000003,closed_book_initial,memory,memory_mem_4,/workspace/TDCA/batch_outputs/hotpot_random300_seed20260504_20260504_162606/runs/151_151
152,152,"Who was an actor actor in the film The Ladder of Lies and was born October 23, 1893?",Jean Acker,Jean Acker,1,1,1.0,1.0,1.0,1.0,1.0,1.0,0.0,0.0,1.0,0,7,14,1036,final_synthesis_reserve,Jean Acker,0.8217845026450531,expansion_candidate,memory,memory_mem_6,/workspace/TDCA/batch_outputs/hotpot_random300_seed20260504_20260504_162606/runs/152_152
153,153,What province is the city where Matts (Matti) Wiktor Hoikka was a blacksmith and politician?,"Finland's northernmost province, Lapland",Lapland,0,1,0.333333,0.333333,0.0,0.333333,0.018316,0.0,0.0,0.0,0.217391,0,6,12,809,frontier_empty,Lapland,0.9060653336246639,final_synthesis,state,state_1,/workspace/TDCA/batch_outputs/hotpot_random300_seed20260504_20260504_162606/runs/153_153
154,154,Chandamama and Kajal Aggarwal are both associated with which Indian film industries?,Telugu and Tamil,Kajal Aggarwal filmography,0,0,0.0,0.0,0.0,0.0,0.0,0.0,0.0,0.0,0.0,0,7,12,1039,anytime_token_guard,Kajal Aggarwal filmography,0.8995125878423845,grounded,memory,memory_mem_6,/workspace/TDCA/batch_outputs/hotpot_random300_seed20260504_20260504_162606/runs/154_154
155,155,What are both Caleb Shomo and Brian Welch?,singer,Both Caleb Shomo and Brian Welch are musicians and guitarists,0,0,0.0,0.0,0.0,0.0,0.0,0.0,0.0,0.0,0.0,0,6,11,1000,final_synthesis_reserve,Both Caleb Shomo and Brian Welch are musicians and guitarists,0.16880000000000003,closed_book_initial,memory,memory_mem_5,/workspace/TDCA/batch_outputs/hotpot_random300_seed20260504_20260504_162606/runs/155_155
156,156,"Who was the singer of the song that held the record for most weeks spent at number one by a female country artist until it was surpassed by the the one named second best song of 2012 by ""Rolling Stone Magazine""?",Connie Smith,Connie Smith,1,1,1.0,1.0,1.0,1.0,1.0,1.0,0.0,0.0,1.0,0,2,8,964,final_synthesis_reserve,Connie Smith. It,0.9730343023576931,intermediate_answer,memory,memory_mem_4,/workspace/TDCA/batch_outputs/hotpot_random300_seed20260504_20260504_162606/runs/156_156
157,157,"What is the size of the archaeological site which is in the hamlet of the Guilderland in Albany County, New York?",2 acre,2 acres,0,1,0.5,0.5,0.0,0.5,0.5,0.0,0.0,0.0,0.5,0,7,12,644,frontier_empty,2 acres,0.8806853229334984,expansion_candidate,state,state_1,/workspace/TDCA/batch_outputs/hotpot_random300_seed20260504_20260504_162606/runs/157_157
158,158,"Mesilla Park, New Mexico is located on the south side of the seat of what county?",Doña Ana,south side of Las Cruces,0,0,0.0,0.0,0.0,0.0,0.0,0.0,0.0,0.0,0.0,0,8,15,894,final_synthesis_reserve,Doña Ana County,0.8484910665819874,expansion_candidate,memory,memory_mem_6,/workspace/TDCA/batch_outputs/hotpot_random300_seed20260504_20260504_162606/runs/158_158
159,159,Monroe Regional Airport and Deadhorse Airport are both in this country?,United States,United States,1,1,1.0,1.0,1.0,1.0,1.0,1.0,0.0,0.0,1.0,0,7,12,923,final_synthesis_reserve,United States,0.16880000000000003,closed_book_initial,memory,memory_mem_4,/workspace/TDCA/batch_outputs/hotpot_random300_seed20260504_20260504_162606/runs/159_159
160,160,What colloquial umbrella do Rutgers and the many Ivy league schools fall under?,colonial colleges,Public Ivy,0,0,0.0,0.0,0.0,0.0,0.0,0.0,0.0,0.0,0.0,0,5,12,929,final_synthesis_reserve,Public Ivy,0.8918304033170432,final_synthesis,memory,memory_mem_6,/workspace/TDCA/batch_outputs/hotpot_random300_seed20260504_20260504_162606/runs/160_160
161,161,Are The Datsuns and The Black Crowes both rock bands?,yes,Yes,1,1,1.0,1.0,0.0,1.0,1.0,0.0,0.0,0.0,1.0,0,7,12,875,final_synthesis_reserve,Yes,0.8206101967136623,expansion_candidate,state,state_2,/workspace/TDCA/batch_outputs/hotpot_random300_seed20260504_20260504_162606/runs/161_161
162,162,"Which agreement resulted from multi-party talks held in St Andrews in Fife, Scotland and was opposed by the Concerned Republicans?",The St Andrews Agreement,St Andrews Agreement,1,1,1.0,1.0,1.0,1.0,1.0,1.0,1.0,0.0,1.0,0,9,14,988,frontier_empty,St Andrews Agreement,0.8888960389022985,expansion_candidate,state,state_1,/workspace/TDCA/batch_outputs/hotpot_random300_seed20260504_20260504_162606/runs/162_162
163,163,Hostel: Part III is the first film in the series to be neither written nor directed by a director born in which year ?,1972,1972,1,1,1.0,1.0,0.0,1.0,1.0,0.0,0.0,0.0,1.0,0,6,10,952,final_synthesis_reserve,1974,0.16880000000000003,closed_book_initial,memory,memory_mem_5,/workspace/TDCA/batch_outputs/hotpot_random300_seed20260504_20260504_162606/runs/163_163
164,164,Katie sagona is known as what kind of actor because she was a child acting on stage or in motion pictures or television?,child actor,child actor,1,1,1.0,1.0,1.0,1.0,1.0,1.0,0.0,0.0,1.0,0,12,17,1005,final_synthesis_reserve,child actor,0.9195384557986923,expansion_candidate,state,state_3,/workspace/TDCA/batch_outputs/hotpot_random300_seed20260504_20260504_162606/runs/164_164
165,165,What is another name for a forest which has the hamlet of Oakenclough on the edge of it?,"""Switzerland of England""",Forest of Bowland,0,0,0.333333,0.333333,0.0,0.333333,0.333333,0.0,0.0,0.0,0.333333,0,4,8,333,frontier_empty,Forest of Bowland,0.9383202859335876,final_synthesis,state,state_1,/workspace/TDCA/batch_outputs/hotpot_random300_seed20260504_20260504_162606/runs/165_165
166,166,What's the name of the differential equation that was developed by the German physicist who was the doctoral advisor to another German Physicist who identified the Stark effect?,Lommel differential equation,Lommel differential equation,1,1,1.0,1.0,1.0,1.0,1.0,1.0,1.0,0.0,1.0,0,6,13,984,final_synthesis_reserve,Schrödinger equation,0.16880000000000003,closed_book_initial,memory,memory_mem_5,/workspace/TDCA/batch_outputs/hotpot_random300_seed20260504_20260504_162606/runs/166_166
167,167,"Meghan Strange is an American actress and voice actress, known for her role as Robin on what American animated television series produced for Disney Channel?",Sofia the First,Sofia the First,1,1,1.0,1.0,1.0,1.0,1.0,1.0,0.0,0.0,1.0,0,7,11,632,frontier_empty,Sofia the First,0.9042986238703247,final_synthesis,memory,memory_mem_8,/workspace/TDCA/batch_outputs/hotpot_random300_seed20260504_20260504_162606/runs/167_167
168,168,On what day did the battle that involved the Gin Drinkers Line end?,25 December 1941,25 December 1941,1,1,1.0,1.0,1.0,1.0,1.0,1.0,1.0,0.0,1.0,0,7,14,991,frontier_empty,25 December 1941,0.9013389923044249,final_synthesis,state,state_1,/workspace/TDCA/batch_outputs/hotpot_random300_seed20260504_20260504_162606/runs/168_168
169,169,James Stuart became a specialist of a rhythmic pattern charecterised by what?,characterised by a moderately fast to very fast tempo,rapid succession of rhythmic patterns in which each syllable of text corresponds to one note,0,0,0.086957,0.086957,0.0,0.086957,0.066667,0.0,0.0,0.0,0.114943,0,9,14,938,final_synthesis_reserve,patter song,0.906213253330346,expansion_candidate,state,state_5,/workspace/TDCA/batch_outputs/hotpot_random300_seed20260504_20260504_162606/runs/169_169
170,170,"What company headquartered in Whitley, Coventry, United Kingdom will start production in Nitra in 2018?",Jaguar Land Rover,Jaguar Land Rover,1,1,1.0,1.0,1.0,1.0,1.0,1.0,1.0,0.0,1.0,0,5,12,1028,final_synthesis_reserve,Jaguar Land Rover,0.9652107465959711,final_synthesis,memory,memory_mem_4,/workspace/TDCA/batch_outputs/hotpot_random300_seed20260504_20260504_162606/runs/170_170
171,171,When is the birthday of the British-Irish heiress who worked on the Optimist In Black studio album?,9 November 1967,9 November 1967,1,1,1.0,1.0,1.0,1.0,1.0,1.0,1.0,0.0,1.0,0,6,11,679,frontier_empty,9 November 1967,0.8994730747411516,final_synthesis,state,state_1,/workspace/TDCA/batch_outputs/hotpot_random300_seed20260504_20260504_162606/runs/171_171
172,172,Which American sketch comedy television series starring John C. Reilly was produced by Abso Lutely Productions?,Check It Out!,Bagboy (TV special),0,0,0.0,0.0,0.0,0.0,0.0,0.0,0.0,0.0,0.0,0,7,10,984,final_synthesis_reserve,Bagboy (TV special),0.880903753482749,expansion_candidate,memory,memory_mem_4,/workspace/TDCA/batch_outputs/hotpot_random300_seed20260504_20260504_162606/runs/172_172
173,173,King of Norway Magnus Barefoot launched aggressive military campaigns in this region that was at times independent of external control and was known to the Norse as what?,Southern Isles,Suðreyjar,0,0,0.0,0.0,0.0,0.0,0.0,0.0,0.0,0.0,0.0,0,8,14,952,final_synthesis_reserve,Suðreyjar,0.9441565962926023,final_synthesis,state,state_1,/workspace/TDCA/batch_outputs/hotpot_random300_seed20260504_20260504_162606/runs/173_173
174,174,In which state is Stewart Nozette imprisoned?,Indiana,Indiana,1,1,1.0,1.0,0.0,1.0,1.0,0.0,0.0,0.0,1.0,0,9,15,950,final_synthesis_reserve,Indiana,0.8424935203366983,expansion_candidate,memory,memory_mem_5,/workspace/TDCA/batch_outputs/hotpot_random300_seed20260504_20260504_162606/runs/174_174
175,175,"In which series did Jacky Ickx, the Belgian Ferrari driver, win more races - Formula One or the Le Mans 24 Hours?",Formula One,Le Mans 24 Hours,0,0,0.0,0.0,0.0,0.0,0.0,0.0,0.0,0.0,0.0,0,5,11,878,final_synthesis_reserve,Le Mans 24 Hours,0.16880000000000003,closed_book_initial,state,state_1,/workspace/TDCA/batch_outputs/hotpot_random300_seed20260504_20260504_162606/runs/175_175
176,176,What kind of beverage does Planter's Punch and Black Velvet have in common?,cocktail,beer,0,0,0.0,0.0,0.0,0.0,0.0,0.0,0.0,0.0,0.0,0,5,11,887,final_synthesis_reserve,beer,0.16880000000000003,closed_book_initial,state,state_7,/workspace/TDCA/batch_outputs/hotpot_random300_seed20260504_20260504_162606/runs/176_176
177,177,Are Affenpinscher and Villanuco de Las Encartaciones both breeds of dog?,yes,Yes,1,1,1.0,1.0,0.0,1.0,1.0,0.0,0.0,0.0,1.0,0,7,12,961,final_synthesis_reserve,Yes,0.16880000000000003,closed_book_initial,memory,memory_mem_4,/workspace/TDCA/batch_outputs/hotpot_random300_seed20260504_20260504_162606/runs/177_177
178,178,In what year was the football club for which Reuven Niemeijer plays founded?,1903,1903,1,1,1.0,1.0,0.0,1.0,1.0,0.0,0.0,0.0,1.0,0,4,9,575,frontier_empty,1903,0.8278971066922566,expansion_candidate,state,state_3,/workspace/TDCA/batch_outputs/hotpot_random300_seed20260504_20260504_162606/runs/178_178
179,179,What are the colors of the tricolour flag that was adopted in 1919?,"green (at the hoist), white and orange","red, blue and white",0,0,0.4,0.4,0.0,0.2,0.303265,0.0,0.0,0.0,0.344828,0,6,13,968,final_synthesis_reserve,"Red, white, and green",0.16880000000000003,closed_book_initial,memory,memory_mem_5,/workspace/TDCA/batch_outputs/hotpot_random300_seed20260504_20260504_162606/runs/179_179
180,180,The most popular temple in terms of attractions is located in what part of the city?,western part of Guwahati city,Dhubri town and,0,0,0.0,0.0,0.0,0.0,0.0,0.0,0.0,0.0,0.0,0,5,11,1042,final_synthesis_reserve,Dhubri town and,0.7355555563234724,expansion_candidate,state,state_6,/workspace/TDCA/batch_outputs/hotpot_random300_seed20260504_20260504_162606/runs/180_180
181,181,What other country does the league that Taylor Eric Kemp played in represents the sport's highest level besides the United States?,Canada,Canada,1,1,1.0,1.0,0.0,1.0,1.0,0.0,0.0,0.0,1.0,0,6,13,925,final_synthesis_reserve,Canada,1.0,final_synthesis,state,state_1,/workspace/TDCA/batch_outputs/hotpot_random300_seed20260504_20260504_162606/runs/181_181
182,182,Raiffeisen Zentralbank is the central institution of one a group of co-operative banks in Austria. What is the name of the other group?,Austrian Volksbanks,Volksbank Group,0,0,0.0,0.0,0.0,0.0,0.0,0.0,0.0,0.0,0.0,0,5,12,922,final_synthesis_reserve,Sparkassengruppe Österreich,0.16880000000000003,closed_book_initial,memory,memory_mem_4,/workspace/TDCA/batch_outputs/hotpot_random300_seed20260504_20260504_162606/runs/182_182
183,183,What industry does Edgar Selwyn and Chantal Akerman work in?,theater and film,film,0,1,0.5,0.5,0.0,0.5,0.135335,0.0,0.0,0.0,0.357143,0,7,15,1146,frontier_empty,film,1.0,final_synthesis,memory,memory_mem_7,/workspace/TDCA/batch_outputs/hotpot_random300_seed20260504_20260504_162606/runs/183_183
184,184,"Jay-Z released his 1996 Rolling Stone-rated ""500 Greatest"" album on which record labels?",Roc-A-Fella Records and Priority Records,Roc-A-Fella Records and Priority Records,1,1,1.0,1.0,1.0,1.0,1.0,1.0,1.0,1.0,1.0,0,8,13,885,final_synthesis_reserve,Roc-A-Fella Records and Priority Records,0.8281989217469129,expansion_candidate,state,state_3,/workspace/TDCA/batch_outputs/hotpot_random300_seed20260504_20260504_162606/runs/184_184
185,185,"Which airport is used for both public and military, Shenandoah Valley Regional Airport or Louisville International Airport?",Louisville International Airport,Louisville International Airport,1,1,1.0,1.0,1.0,1.0,1.0,1.0,1.0,0.0,1.0,0,5,11,966,frontier_empty,Louisville International Airport,0.9216171467731387,final_synthesis,memory,memory_mem_6,/workspace/TDCA/batch_outputs/hotpot_random300_seed20260504_20260504_162606/runs/185_185
186,186,"What Electoral Division in Victoria contained a suburb of Melbourne with a population of 25,147 at the 2016 Census?",The Division of Fawkner,,0,0,0.0,0.0,0.0,0.0,0.0,0.0,0.0,0.0,0.0,0,6,12,888,final_synthesis_reserve,,0.0,,state,state_1,/workspace/TDCA/batch_outputs/hotpot_random300_seed20260504_20260504_162606/runs/186_186
187,187,When was the younger brother of Farshid Karimi born ?,8 November 1978,8 November 1978,1,1,1.0,1.0,1.0,1.0,1.0,1.0,1.0,0.0,1.0,0,4,10,695,frontier_empty,8 November 1978,0.8760879960918516,expansion_candidate,state,state_3,/workspace/TDCA/batch_outputs/hotpot_random300_seed20260504_20260504_162606/runs/187_187
188,188,Are both Grapico and Izze artificially flavored soft drinks?,no,No,1,1,1.0,1.0,0.0,1.0,1.0,0.0,0.0,0.0,1.0,0,7,12,1001,frontier_empty,No,0.16880000000000003,closed_book_initial,memory,memory_mem_4,/workspace/TDCA/batch_outputs/hotpot_random300_seed20260504_20260504_162606/runs/188_188
189,189,Jamal Igle was known for illustrative work on which DC Comics publication?,Firestorm,Superman: New Krypton,0,0,0.0,0.0,0.0,0.0,0.0,0.0,0.0,0.0,0.0,0,8,13,1002,final_synthesis_reserve,Superman: New Krypton,0.8549665471810204,expansion_candidate,state,state_10,/workspace/TDCA/batch_outputs/hotpot_random300_seed20260504_20260504_162606/runs/189_189
190,190,In what county was Duffy Jackson born?,Nassau County,Nassau County,1,1,1.0,1.0,1.0,1.0,1.0,1.0,0.0,0.0,1.0,0,7,14,957,frontier_empty,Nassau County,0.9044618215427851,expansion_candidate,state,state_3,/workspace/TDCA/batch_outputs/hotpot_random300_seed20260504_20260504_162606/runs/190_190
191,191,"Who played Dominic Toretto in all eight films, starting in 2001, from Universal's biggest film franchise ever?",Vin Diesel,Vin Diesel,1,1,1.0,1.0,1.0,1.0,1.0,1.0,0.0,0.0,1.0,0,4,8,526,high_confidence_root_memory,Vin Diesel,0.9743207998685037,intermediate_answer,memory,memory_mem_4,/workspace/TDCA/batch_outputs/hotpot_random300_seed20260504_20260504_162606/runs/191_191
192,192,Were Robert Holdstock and H. L. Mencken both known for being satirists?,no,No,1,1,1.0,1.0,0.0,1.0,1.0,0.0,0.0,0.0,1.0,0,6,11,928,final_synthesis_reserve,No,0.16880000000000003,closed_book_initial,state,state_4,/workspace/TDCA/batch_outputs/hotpot_random300_seed20260504_20260504_162606/runs/192_192
193,193,"Who won more academy awards,  Joseph L. Mankiewicz or Tony Kaye?",Joseph Leo Mankiewicz,,0,0,0.0,0.0,0.0,0.0,0.0,0.0,0.0,0.0,0.0,0,6,11,1018,frontier_empty,,0.0,,state,state_1,/workspace/TDCA/batch_outputs/hotpot_random300_seed20260504_20260504_162606/runs/193_193
194,194,What country is the member of Gujarat Legislative Assembly and parliament representing?,Jamnagar,India,0,0,0.0,0.0,0.0,0.0,0.0,0.0,0.0,0.0,0.0,0,7,13,876,final_synthesis_reserve,India,0.7750239764203137,expansion_candidate,memory,memory_mem_5,/workspace/TDCA/batch_outputs/hotpot_random300_seed20260504_20260504_162606/runs/194_194
195,195,"Charles Scribner's Sons publishes the books of what author whose books cover subjects such as the Cold War, mathematics, politics, and economics, and global terrorism?","Donald Richard ""Don"" DeLillo",Don DeLillo,0,1,0.666667,0.666667,0.5,0.666667,0.367879,0.367879,0.0,0.0,0.526316,0,9,13,964,final_synthesis_reserve,Don DeLillo,0.9015686357366841,expansion_candidate,state,state_1,/workspace/TDCA/batch_outputs/hotpot_random300_seed20260504_20260504_162606/runs/195_195
196,196,Were The Living Desert and What Would Jesus Buy? directed by the same person?,no,No,1,1,1.0,1.0,0.0,1.0,1.0,0.0,0.0,0.0,1.0,0,5,11,929,frontier_empty,No,0.16880000000000003,closed_book_initial,memory,memory_mem_5,/workspace/TDCA/batch_outputs/hotpot_random300_seed20260504_20260504_162606/runs/196_196
197,197,What university did Bill Daly graduate that Gary Bettman also graduated from?,New York University School of Law,Cornell University,0,0,0.25,0.25,0.0,0.25,0.067668,0.0,0.0,0.0,0.178571,0,6,14,956,final_synthesis_reserve,Cornell University,0.9021864204911878,final_synthesis,memory,memory_mem_7,/workspace/TDCA/batch_outputs/hotpot_random300_seed20260504_20260504_162606/runs/197_197
198,198,"Which is published in France, Avantages or InStyle?",Avantages,Avantages,1,1,1.0,1.0,0.0,1.0,1.0,0.0,0.0,0.0,1.0,0,7,13,929,final_synthesis_reserve,Avantages,0.95854884045907,final_synthesis,state,state_6,/workspace/TDCA/batch_outputs/hotpot_random300_seed20260504_20260504_162606/runs/198_198
199,199,"Singer Eddie Fisher, who produced the album ""I'm in the Mood for Love"" in 1952, later had a scandalous affair with what actress?",Elizabeth Taylor,Elizabeth Taylor,1,1,1.0,1.0,1.0,1.0,1.0,1.0,0.0,0.0,1.0,0,8,13,944,final_synthesis_reserve,Elizabeth Taylor,0.7931002672262205,expansion_candidate,memory,memory_mem_5,/workspace/TDCA/batch_outputs/hotpot_random300_seed20260504_20260504_162606/runs/199_199
200,200,"What was the original name of the female singing group that recorded ""The Happening""?",The Primettes,The Primettes,1,1,1.0,1.0,0.0,1.0,1.0,0.0,0.0,0.0,1.0,0,7,13,996,frontier_empty,The Primettes,0.8981058659524244,expansion_candidate,state,state_5,/workspace/TDCA/batch_outputs/hotpot_random300_seed20260504_20260504_162606/runs/200_200
201,201,Dangerous is a book by which political commentator?,Milo Yiannopoulos,Milo Yiannopoulos,1,1,1.0,1.0,1.0,1.0,1.0,1.0,0.0,0.0,1.0,0,1,4,81,llm_stop_with_root_memory,Milo Yiannopoulos,0.9048792681562042,memory,memory,memory_mem_4,/workspace/TDCA/batch_outputs/hotpot_random300_seed20260504_20260504_162606/runs/201_201
202,202,The Nun is based on what film series based on the real life cases of Ed and Lorraine Warren?,The Conjuring,The Conjuring,1,1,1.0,1.0,0.0,1.0,1.0,0.0,0.0,0.0,1.0,0,5,10,576,frontier_empty,The Conjuring,1.0,final_synthesis,state,state_1,/workspace/TDCA/batch_outputs/hotpot_random300_seed20260504_20260504_162606/runs/202_202
203,203,What university in India hosts a literary festival which has had as a previous invitee the former Union Minister of Panchayati Raj?,Central University of India,Aligarh Muslim University,0,0,0.285714,0.285714,0.0,0.285714,0.238844,0.0,0.0,0.0,0.25641,0,5,12,966,final_synthesis_reserve,Aligarh Muslim University,0.8864625188505326,final_synthesis,memory,memory_mem_7,/workspace/TDCA/batch_outputs/hotpot_random300_seed20260504_20260504_162606/runs/203_203
204,204,When was the city George Consider Hale was born in founded?,in the 1830s,1850,0,0,0.0,0.0,0.0,0.0,0.0,0.0,0.0,0.0,0.0,0,4,8,626,frontier_empty,1850,0.850896571457716,expansion_candidate,state,state_3,/workspace/TDCA/batch_outputs/hotpot_random300_seed20260504_20260504_162606/runs/204_204
205,205,W41AP is a station owned by the daily newspaper serving what nearby city in Erie County?,Port Clinton,Sandusky,0,0,0.0,0.0,0.0,0.0,0.0,0.0,0.0,0.0,0.0,0,6,15,959,final_synthesis_reserve,Sandusky,0.8768084683895662,final_synthesis,memory,memory_mem_9,/workspace/TDCA/batch_outputs/hotpot_random300_seed20260504_20260504_162606/runs/205_205
206,206,From what countries are Gauhar Ali and Iftikhar Ahmed from?,Pakistan,Pakistan,1,1,1.0,1.0,0.0,1.0,1.0,0.0,0.0,0.0,1.0,0,7,14,1027,final_synthesis_reserve,Pakistan,0.9643525783180936,final_synthesis,state,state_1,/workspace/TDCA/batch_outputs/hotpot_random300_seed20260504_20260504_162606/runs/206_206
207,207,The 1966–67 NHL season ended with a win in the Stanley Cup by the team from which division of the Eastern Conference?,Atlantic,The 1966–67 NHL season predates the Eastern Conference and its divisional structure; the league had no Eastern Conference at that time,0,0,0.0,0.0,0.0,0.0,0.0,0.0,0.0,0.0,0.0,0,4,10,949,final_synthesis_reserve,The 1966–67 NHL season predates the Eastern Conference and its divisional structure; the league had no Eastern Conference at that time,0.16880000000000003,closed_book_initial,state,state_6,/workspace/TDCA/batch_outputs/hotpot_random300_seed20260504_20260504_162606/runs/207_207
208,208,"Swingin' Down Yonder is the first full-length, 12-inch album recorded by a singer known by what nickname?","""King of Cool""",King of Cool,1,1,1.0,1.0,1.0,1.0,1.0,1.0,1.0,0.0,1.0,0,7,15,916,final_synthesis_reserve,King of Cool,0.9319244936469727,final_synthesis,state,state_3,/workspace/TDCA/batch_outputs/hotpot_random300_seed20260504_20260504_162606/runs/208_208
209,209,"How many times was the writer, who invited Hu Lanqi to meet him in Moscow, a nominee for the Nobel Prize in Literature ?",a five-time nominee,5,0,0,0.0,0.0,0.0,0.0,0.0,0.0,0.0,0.0,0.0,0,5,8,688,frontier_empty,5,0.9221437874593695,expansion_candidate,state,state_3,/workspace/TDCA/batch_outputs/hotpot_random300_seed20260504_20260504_162606/runs/209_209
210,210,"which German philosopher wrote ""The opera ""Lulu""",Theodor W. Adorno,Alban Berg,0,0,0.0,0.0,0.0,0.0,0.0,0.0,0.0,0.0,0.0,0,1,4,76,llm_stop_with_root_memory,Alban Berg,0.9108284123816441,memory,memory,memory_mem_4,/workspace/TDCA/batch_outputs/hotpot_random300_seed20260504_20260504_162606/runs/210_210
211,211,"What year was the singer of ""Orange"" born?",1975,1975,1,1,1.0,1.0,0.0,1.0,1.0,0.0,0.0,0.0,1.0,0,10,15,887,frontier_empty,1975,0.8793426110305003,expansion_candidate,state,state_5,/workspace/TDCA/batch_outputs/hotpot_random300_seed20260504_20260504_162606/runs/211_211
212,212,How many episodes were in the original run of the HBO show that Kristin Davis played the character Charlotte York Goldenblatt?,94,94,1,1,1.0,1.0,0.0,1.0,1.0,0.0,0.0,0.0,1.0,0,5,9,598,frontier_empty,94,0.8352194522873722,expansion_candidate,state,state_1,/workspace/TDCA/batch_outputs/hotpot_random300_seed20260504_20260504_162606/runs/212_212
213,213,"What city did the author of ""Portraits and Prayers"" choose to live in after moving to France?",Paris,Paris,1,1,1.0,1.0,0.0,1.0,1.0,0.0,0.0,0.0,1.0,0,6,13,952,final_synthesis_reserve,Paris,0.16880000000000003,closed_book_initial,memory,memory_mem_5,/workspace/TDCA/batch_outputs/hotpot_random300_seed20260504_20260504_162606/runs/213_213
214,214,Who was a grandson of Aurelia Plath and was a fisheries biologist?,Nicholas Farrar Hughes,Nicholas Farrar Hughes,1,1,1.0,1.0,1.0,1.0,1.0,1.0,1.0,0.0,1.0,0,5,12,941,final_synthesis_reserve,Samuel Plath,0.16880000000000003,closed_book_initial,memory,memory_mem_4,/workspace/TDCA/batch_outputs/hotpot_random300_seed20260504_20260504_162606/runs/214_214
215,215,Which English Egyptologist is known mainly for his works in the Egyptian Museum that is named after the capital of Egypt?,Reginald Engelbach,Reginald Engelbach,1,1,1.0,1.0,1.0,1.0,1.0,1.0,0.0,0.0,1.0,0,6,11,895,final_synthesis_reserve,Reginald Engelbach,0.8531268394731479,expansion_candidate,state,state_1,/workspace/TDCA/batch_outputs/hotpot_random300_seed20260504_20260504_162606/runs/215_215
216,216,"Which occurred first, the first publication of The Ladder or Heat?",The Ladder,The Ladder,1,1,1.0,1.0,0.0,1.0,1.0,0.0,0.0,0.0,1.0,0,6,12,915,final_synthesis_reserve,The Ladder,0.16880000000000003,closed_book_initial,memory,memory_mem_4,/workspace/TDCA/batch_outputs/hotpot_random300_seed20260504_20260504_162606/runs/216_216
217,217,What conference does Ralphie the Buffalo's football team play in?,Pac-12,Pac-12 Conference,0,1,0.8,0.8,0.666667,0.8,0.666667,0.5,0.0,0.0,0.952381,0,7,15,1085,frontier_empty,Big 12 Conference,0.16880000000000003,closed_book_initial,memory,memory_mem_6,/workspace/TDCA/batch_outputs/hotpot_random300_seed20260504_20260504_162606/runs/217_217
218,218,My Sentimental Friend was performed by which English beat rock band?,Herman's Hermits,Herman's Hermits,1,1,1.0,1.0,1.0,1.0,1.0,1.0,1.0,0.0,1.0,0,1,4,80,llm_stop_with_root_memory,Herman's Hermits,0.9416740219285666,memory,memory,memory_mem_4,/workspace/TDCA/batch_outputs/hotpot_random300_seed20260504_20260504_162606/runs/218_218
219,219,Zamalek Sporting Club Centennial was a  friendly match against professional football club that plays in what?,La Liga,La Liga,1,1,1.0,1.0,1.0,1.0,1.0,1.0,0.0,0.0,1.0,0,7,12,936,final_synthesis_reserve,La Liga,0.773784358541227,expansion_candidate,state,state_6,/workspace/TDCA/batch_outputs/hotpot_random300_seed20260504_20260504_162606/runs/219_219
220,220,Have Marc Rosset and Max Mirnyi both been professional tennis players?,yes,"Yes, Marc Rosset was a professional tennis player",0,1,0.25,0.25,0.0,0.25,0.142857,0.0,0.0,0.0,0.625,0,4,8,699,frontier_empty,"Yes, Marc Rosset was a professional tennis player",0.7847395366175245,expansion_candidate,state,state_1,/workspace/TDCA/batch_outputs/hotpot_random300_seed20260504_20260504_162606/runs/220_220
221,221,"Which film stars more animals, The Jungle Book or The Lone Ranger?",The Jungle Book,"2,013",0,0,0.0,0.0,0.0,0.0,0.0,0.0,0.0,0.0,0.0,0,5,7,907,final_synthesis_reserve,"2,013",0.8194140284621829,expansion_candidate,state,state_6,/workspace/TDCA/batch_outputs/hotpot_random300_seed20260504_20260504_162606/runs/221_221
222,222,"Deckers Creek is a tributary, and its beginning in the west is named after?",Richard Arthur,Arthurdale,0,0,0.0,0.0,0.0,0.0,0.0,0.0,0.0,0.0,0.0,0,6,13,934,final_synthesis_reserve,Arthurdale,0.9235706395651896,final_synthesis,state,state_1,/workspace/TDCA/batch_outputs/hotpot_random300_seed20260504_20260504_162606/runs/222_222
223,223,"Which movie was released first, Return to Oz or Midnight Madness?",Midnight Madness,Midnight Madness,1,1,1.0,1.0,1.0,1.0,1.0,1.0,0.0,0.0,1.0,0,6,12,952,final_synthesis_reserve,Midnight Madness,0.16880000000000003,closed_book_initial,memory,memory_mem_4,/workspace/TDCA/batch_outputs/hotpot_random300_seed20260504_20260504_162606/runs/223_223
224,224,What prize was won in 1963by this physicist who was part of the Princeton Three?,Nobel Prize,Nobel Prize in Physics,0,1,0.666667,0.666667,0.5,0.666667,0.5,0.333333,0.0,0.0,0.909091,0,5,10,976,final_synthesis_reserve,Nobel Prize in Physics,0.16880000000000003,closed_book_initial,state,state_2,/workspace/TDCA/batch_outputs/hotpot_random300_seed20260504_20260504_162606/runs/224_224
225,225,Dr. Saleha Mahmood Abedin's daughter was born in what year ?,1976,1976,1,1,1.0,1.0,0.0,1.0,1.0,0.0,0.0,0.0,1.0,0,7,13,900,frontier_empty,1976,0.8868103581916384,expansion_candidate,state,state_5,/workspace/TDCA/batch_outputs/hotpot_random300_seed20260504_20260504_162606/runs/225_225
226,226,"What rapper on the song ""Wij zijn Ajax"" plays for the Turkish club Beşiktaş?",Ryan Babel,Ryan Babel,1,1,1.0,1.0,1.0,1.0,1.0,1.0,0.0,0.0,1.0,0,6,11,974,final_synthesis_reserve,Yves Deruyter,0.16880000000000003,closed_book_initial,memory,memory_mem_5,/workspace/TDCA/batch_outputs/hotpot_random300_seed20260504_20260504_162606/runs/226_226
227,227,Baltic Neopaganism was a religious movement that included which poet and humanist?,Vilius Storostas-Vydūnas,Vydūnas,0,1,0.666667,0.666667,0.5,0.666667,0.367879,0.367879,0.0,0.0,0.526316,0,7,13,932,frontier_empty,Vydūnas,0.827599679469804,expansion_candidate,state,state_1,/workspace/TDCA/batch_outputs/hotpot_random300_seed20260504_20260504_162606/runs/227_227
228,228,"In what capacity did the author of the book,  An Inconvenient Truth,  serve in the United States government ?",Vice President,Vice President,1,1,1.0,1.0,1.0,1.0,1.0,1.0,0.0,0.0,1.0,0,5,8,677,frontier_empty,Vice President,0.8145072642124067,expansion_candidate,state,state_3,/workspace/TDCA/batch_outputs/hotpot_random300_seed20260504_20260504_162606/runs/228_228
229,229,Which university's teams with a mascot called Stomper began competing in the Northern Sun Intercollegiate Conference in 2008?,Minnesota State Mavericks,Augustana University,0,0,0.0,0.0,0.0,0.0,0.0,0.0,0.0,0.0,0.0,0,5,12,959,final_synthesis_reserve,University of Mary,0.16880000000000003,closed_book_initial,memory,memory_mem_6,/workspace/TDCA/batch_outputs/hotpot_random300_seed20260504_20260504_162606/runs/229_229
230,230,What sort of dog did the same man who cared for the living gift that Martin Bormann gave Hitler have?,dachshund,German Shepherd,0,0,0.0,0.0,0.0,0.0,0.0,0.0,0.0,0.0,0.0,0,6,13,1003,final_synthesis_reserve,German Shepherd,0.16880000000000003,closed_book_initial,memory,memory_mem_7,/workspace/TDCA/batch_outputs/hotpot_random300_seed20260504_20260504_162606/runs/230_230
231,231,"Who is older, Lucy Gichuhi or Bob Day?",Bob Day,Lucy Gichuhi,0,0,0.0,0.0,0.0,0.0,0.0,0.0,0.0,0.0,0.0,0,5,12,882,final_synthesis_reserve,Lucy Gichuhi,0.16880000000000003,closed_book_initial,state,state_1,/workspace/TDCA/batch_outputs/hotpot_random300_seed20260504_20260504_162606/runs/231_231
232,232,What are The Ready Set and Cell?,band,"The Ready Set is an American electropop singer-songwriter from Fort Wayne, Indiana; Cell was a New York-based grunge/alternative band active from 1990 to circa 1995",0,1,0.076923,0.076923,0.0,0.076923,0.04,0.0,0.0,0.0,0.294118,0,6,13,996,final_synthesis_reserve,The Ready Set is an American singer-songwriter Jordan Mark Witzigreuter,0.8875221917338578,expansion_candidate,memory,memory_mem_8,/workspace/TDCA/batch_outputs/hotpot_random300_seed20260504_20260504_162606/runs/232_232
233,233,"How many periods in office were held by the British Prime Minister who led the ""Who? Who?"" ministry?",3,3,1,1,1.0,1.0,0.0,1.0,1.0,0.0,0.0,0.0,1.0,0,5,10,675,frontier_empty,3,0.8321162260858206,expansion_candidate,state,state_1,/workspace/TDCA/batch_outputs/hotpot_random300_seed20260504_20260504_162606/runs/233_233
234,234,Ashly Burch is known for voicing Aloy in a video game released in what year?,2017,2017,1,1,1.0,1.0,0.0,1.0,1.0,0.0,0.0,0.0,1.0,0,8,13,745,frontier_empty,2017,0.8128451237015577,expansion_candidate,state,state_3,/workspace/TDCA/batch_outputs/hotpot_random300_seed20260504_20260504_162606/runs/234_234
235,235,"What is the nickname of the island that is 1,415 km further to the east-southeast of Tokyo?",Wake Atoll,Marcus Island,0,0,0.0,0.0,0.0,0.0,0.0,0.0,0.0,0.0,0.0,0,7,11,908,final_synthesis_reserve,Marcus Island,0.8613290969325421,expansion_candidate,state,state_2,/workspace/TDCA/batch_outputs/hotpot_random300_seed20260504_20260504_162606/runs/235_235
236,236,"In the muti-sport games usually held every four years between nations around the Mediterranean Sea, Fatma Lanouar is best known for winning gold in which event?",1500 metres,1500 metres,1,1,1.0,1.0,1.0,1.0,1.0,1.0,0.0,0.0,1.0,0,11,18,961,frontier_empty,1500 metres,0.907021832997975,expansion_candidate,state,state_1,/workspace/TDCA/batch_outputs/hotpot_random300_seed20260504_20260504_162606/runs/236_236
237,237,Disturbia is a 2007 movie that stars what American actor who starred in the Disney Channel series Even Stevens?,Shia Saide LaBeouf,Shia LaBeouf,0,1,0.8,0.8,0.0,0.8,0.606531,0.0,0.0,0.0,0.689655,0,7,14,985,final_synthesis_reserve,Shia LaBeouf,0.9007821282074536,final_synthesis,memory,memory_mem_8,/workspace/TDCA/batch_outputs/hotpot_random300_seed20260504_20260504_162606/runs/237_237
238,238,"What role did Anne Innes-Ker, Duchess of Roxburghe (daughter of the 7th Duke of Marlborough) serve to Queen Victoria?",Mistress of the Robes,Mistress of the Robes,1,1,1.0,1.0,1.0,1.0,1.0,1.0,1.0,0.0,1.0,0,1,4,87,llm_stop_with_root_memory,Mistress of the Robes,0.9095346683428457,memory,memory,memory_mem_4,/workspace/TDCA/batch_outputs/hotpot_random300_seed20260504_20260504_162606/runs/238_238
239,239,"Who was born earlier, Simone Bolelli or Caroline Wozniacki?",Simone Bolelli,Simone Bolelli,1,1,1.0,1.0,1.0,1.0,1.0,1.0,0.0,0.0,1.0,0,6,11,907,final_synthesis_reserve,Simone Bolelli,0.9225588896037759,final_synthesis,memory,memory_mem_6,/workspace/TDCA/batch_outputs/hotpot_random300_seed20260504_20260504_162606/runs/239_239
240,240,"Which Indian actress who earned filmfare award for Best female debut in ""Refugee"" acted in K3G movie?",Kareena Kapoor Khan,Kareena Kapoor,0,1,0.8,0.8,0.666667,0.8,0.606531,0.606531,0.0,0.0,0.689655,0,7,12,1139,frontier_empty,Kareena Kapoor,0.904682588224787,expansion_candidate,state,state_4,/workspace/TDCA/batch_outputs/hotpot_random300_seed20260504_20260504_162606/runs/240_240
241,241,"Which American rock band is from Chapel Hill, North Carolina - Polvo or The Black Keys?",Polvo,Polvo,1,1,1.0,1.0,0.0,1.0,1.0,0.0,0.0,0.0,1.0,0,3,8,634,frontier_empty,Polvo,1.0,final_synthesis,state,state_1,/workspace/TDCA/batch_outputs/hotpot_random300_seed20260504_20260504_162606/runs/241_241
242,242,"Which building will have more floors, 15 Penn Plaza, or 247 Cherry?",247 Cherry,247 Cherry,1,1,1.0,1.0,1.0,1.0,1.0,1.0,0.0,0.0,1.0,0,6,13,1098,frontier_empty,247 Cherry,0.8672280403782681,final_synthesis,state,state_1,/workspace/TDCA/batch_outputs/hotpot_random300_seed20260504_20260504_162606/runs/242_242
243,243,"Which writer died later, Agatha Christie or Clement Greenberg?",Clement Greenberg,Clement Greenberg,1,1,1.0,1.0,1.0,1.0,1.0,1.0,0.0,0.0,1.0,0,7,13,962,final_synthesis_reserve,Clement Greenberg,0.16880000000000003,closed_book_initial,state,state_1,/workspace/TDCA/batch_outputs/hotpot_random300_seed20260504_20260504_162606/runs/243_243
244,244,"Sian Gibson co-wrote which British sitcom, set around a supermarket and car share scheme?",Peter Kay's Car Share,Peter Kay's Car Share,1,1,1.0,1.0,1.0,1.0,1.0,1.0,1.0,1.0,1.0,0,4,8,361,frontier_empty,Peter Kay's Car Share,0.9235394222289429,final_synthesis,state,state_2,/workspace/TDCA/batch_outputs/hotpot_random300_seed20260504_20260504_162606/runs/244_244
245,245,Where is the University Joe Odom played football for located?,"West Lafayette, Indiana","West Lafayette, Indiana",1,1,1.0,1.0,1.0,1.0,1.0,1.0,1.0,0.0,1.0,0,9,15,922,final_synthesis_reserve,"West Lafayette, Indiana",0.9594648200439988,final_synthesis,state,state_1,/workspace/TDCA/batch_outputs/hotpot_random300_seed20260504_20260504_162606/runs/245_245
246,246,The 2006 NCAA Wrestling Championships crowned Jake Rosholt and another athlete known for powerful punches from what hand?,left,left,1,1,1.0,1.0,0.0,1.0,1.0,0.0,0.0,0.0,1.0,0,6,11,926,final_synthesis_reserve,left,0.7997363994461084,expansion_candidate,state,state_3,/workspace/TDCA/batch_outputs/hotpot_random300_seed20260504_20260504_162606/runs/246_246
247,247,The Woodvale Historic District was built buy a company headquartered where?,"Rockhill Furnace, Pennsylvania","Rockhill Furnace, Pennsylvania",1,1,1.0,1.0,1.0,1.0,1.0,1.0,1.0,0.0,1.0,0,7,15,1042,final_synthesis_reserve,"Chicago, Illinois",0.16880000000000003,closed_book_initial,memory,memory_mem_6,/workspace/TDCA/batch_outputs/hotpot_random300_seed20260504_20260504_162606/runs/247_247
248,248,Who owns the broadcasting platform where Games Done Quick is broadcast?,Amazon.com,,0,0,0.0,0.0,0.0,0.0,0.0,0.0,0.0,0.0,0.0,0,8,17,1068,frontier_empty,,0.0,,state,state_4,/workspace/TDCA/batch_outputs/hotpot_random300_seed20260504_20260504_162606/runs/248_248
249,249,In which year NGC 166 is located by an american astronomer who also discovered Frank Muller and Ormond Stone,1886,1886,1,1,1.0,1.0,0.0,1.0,1.0,0.0,0.0,0.0,1.0,0,6,12,1052,final_synthesis_reserve,1886,0.882180150562348,expansion_candidate,state,state_1,/workspace/TDCA/batch_outputs/hotpot_random300_seed20260504_20260504_162606/runs/249_249
250,250,Kingdom Hearts 358/2 Days was made by the company based in what part of Tokyo?,Shinjuku,Square Enix,0,0,0.0,0.0,0.0,0.0,0.0,0.0,0.0,0.0,0.0,0,7,11,884,frontier_empty,Square Enix,0.7692424924691753,expansion_candidate,state,state_6,/workspace/TDCA/batch_outputs/hotpot_random300_seed20260504_20260504_162606/runs/250_250
251,251,Are Gael and Fitness published in the same country?,no,No,1,1,1.0,1.0,0.0,1.0,1.0,0.0,0.0,0.0,1.0,0,5,12,839,high_confidence_root_memory,No,0.8750059555750643,final_synthesis,memory,memory_mem_8,/workspace/TDCA/batch_outputs/hotpot_random300_seed20260504_20260504_162606/runs/251_251
252,252,What organization affiliated with the National Collegiate Athletic Association Division were the 2012 Hawaii Warriors football team first year members of?,Mountain West Conference,Mountain West Conference,1,1,1.0,1.0,1.0,1.0,1.0,1.0,1.0,0.0,1.0,0,4,8,341,frontier_empty,Mountain West Conference,0.8665202333619646,expansion_candidate,memory,memory_mem_5,/workspace/TDCA/batch_outputs/hotpot_random300_seed20260504_20260504_162606/runs/252_252
253,253,what is the english name of Émile Verdets editorial?,Annals of Chemistry and of Physics,Annals of Chemistry and of Physics,1,1,1.0,1.0,1.0,1.0,1.0,1.0,1.0,1.0,1.0,0,7,13,916,final_synthesis_reserve,Annals of Chemistry and of Physics,0.7954731568412339,expansion_candidate,memory,memory_mem_4,/workspace/TDCA/batch_outputs/hotpot_random300_seed20260504_20260504_162606/runs/253_253
254,254,Which company owned by a Pakistani media mogul produced the Pakistani romantic drama film Dobara Phir Se?,ARY Films,ARY Films,1,1,1.0,1.0,1.0,1.0,1.0,1.0,0.0,0.0,1.0,0,7,13,913,final_synthesis_reserve,Dobara Phir Se,0.9288188290637222,final_synthesis,state,state_1,/workspace/TDCA/batch_outputs/hotpot_random300_seed20260504_20260504_162606/runs/254_254
255,255,"What Cason, CA soccer team features the son of Roy Lassiter?",LA Galaxy,LA Galaxy,1,1,1.0,1.0,1.0,1.0,1.0,1.0,0.0,0.0,1.0,0,6,12,914,final_synthesis_reserve,LA Galaxy,0.772382108223545,expansion_candidate,memory,memory_mem_5,/workspace/TDCA/batch_outputs/hotpot_random300_seed20260504_20260504_162606/runs/255_255
256,256,Are Dutch Smoushond and Sussex Spaniel's both dog breeds?,yes,Yes,1,1,1.0,1.0,0.0,1.0,1.0,0.0,0.0,0.0,1.0,0,7,13,897,final_synthesis_reserve,Yes,1.0,final_synthesis,state,state_1,/workspace/TDCA/batch_outputs/hotpot_random300_seed20260504_20260504_162606/runs/256_256
257,257,Where did the opera in which Iva Pacetti starred as Elena first premier?,"La Scala, Milan","La Scala, Milan",1,1,1.0,1.0,1.0,1.0,1.0,1.0,1.0,0.0,1.0,0,6,13,953,final_synthesis_reserve,"La Scala, Milan",0.9338774268245679,final_synthesis,memory,memory_mem_5,/workspace/TDCA/batch_outputs/hotpot_random300_seed20260504_20260504_162606/runs/257_257
258,258,What was the the origin of the player that the Bull's traded with 76ers during the 1999-2000 midseason?,Croatian,Croatia,0,1,0.0,0.0,0.0,0.0,0.0,0.0,0.0,0.0,0.0,0,6,12,978,final_synthesis_reserve,Croatia,0.8032342698228423,expansion_candidate,memory,memory_mem_5,/workspace/TDCA/batch_outputs/hotpot_random300_seed20260504_20260504_162606/runs/258_258
259,259,What nationality was the pirate who along with Robert Culliford stole Jean Fantin's ship ?,Scottish,English,0,0,0.0,0.0,0.0,0.0,0.0,0.0,0.0,0.0,0.0,0,7,12,994,final_synthesis_reserve,English,0.8872743874530882,expansion_candidate,state,state_4,/workspace/TDCA/batch_outputs/hotpot_random300_seed20260504_20260504_162606/runs/259_259
260,260,"What other occupation did the ""Law West of the Pecos"" have?",saloon-keeper,saloon-keeper,1,1,1.0,1.0,1.0,1.0,1.0,1.0,0.0,0.0,1.0,0,10,16,966,final_synthesis_reserve,saloon-keeper,1.0,final_synthesis,state,state_3,/workspace/TDCA/batch_outputs/hotpot_random300_seed20260504_20260504_162606/runs/260_260
261,261,"VEU, the American television channel owned by Golden West Broadcasting was similar to a defunct television servied owned by who?",National Subscription Television,Jerrold Perenchio,0,0,0.0,0.0,0.0,0.0,0.0,0.0,0.0,0.0,0.0,0,7,14,963,frontier_empty,Jerrold Perenchio,0.879197204435749,final_synthesis,state,state_1,/workspace/TDCA/batch_outputs/hotpot_random300_seed20260504_20260504_162606/runs/261_261
262,262,"In what year did the Irish Politician who led the Introduction of the Constitution of Ireland resign as President of the legitimatist government, the Council of State?",1926,1938,0,0,0.0,0.0,0.0,0.0,0.0,0.0,0.0,0.0,0.0,0,2,8,883,high_confidence_root_memory,1938,0.9743766317124893,intermediate_answer,memory,memory_mem_4,/workspace/TDCA/batch_outputs/hotpot_random300_seed20260504_20260504_162606/runs/262_262
263,263,What award was an actor born in 1955 that acted in the movie Ransom nominated for?,Academy Award,Academy Award,1,1,1.0,1.0,1.0,1.0,1.0,1.0,0.0,0.0,1.0,0,7,12,983,final_synthesis_reserve,Tirunelveli,1.0,grounded,state,state_1,/workspace/TDCA/batch_outputs/hotpot_random300_seed20260504_20260504_162606/runs/263_263
264,264,Was the Mark-8 microprocessor different from the one in the Comx-35?,yes,,0,0,0.0,0.0,0.0,0.0,0.0,0.0,0.0,0.0,0.0,0,5,11,945,final_synthesis_reserve,,0.0,,memory,memory_mem_4,/workspace/TDCA/batch_outputs/hotpot_random300_seed20260504_20260504_162606/runs/264_264
265,265,What country of origin does Witness and Pamela Wallace have in common?,American,Rules of origin,0,0,0.0,0.0,0.0,0.0,0.0,0.0,0.0,0.0,0.0,0,7,12,958,final_synthesis_reserve,Rules of origin,0.989596237345108,grounded,memory,memory_mem_5,/workspace/TDCA/batch_outputs/hotpot_random300_seed20260504_20260504_162606/runs/265_265
266,266,"Between The Goldeneye and Monkey Gland, which cocktail requires more ingredients?",Monkey Gland,The Goldeneye,0,0,0.0,0.0,0.0,0.0,0.0,0.0,0.0,0.0,0.0,0,6,12,906,final_synthesis_reserve,The Goldeneye,0.16880000000000003,closed_book_initial,state,state_2,/workspace/TDCA/batch_outputs/hotpot_random300_seed20260504_20260504_162606/runs/266_266
267,267,Are Isaac Asimov and Michael Cunningham both American writers?,no,Yes,0,0,0.0,0.0,0.0,0.0,0.0,0.0,0.0,0.0,0.0,0,7,14,1031,frontier_empty,Yes,0.8545851003312022,final_synthesis,state,state_1,/workspace/TDCA/batch_outputs/hotpot_random300_seed20260504_20260504_162606/runs/267_267
268,268,"How many albums had been recorded by Talking Heads by November, 1980?",four,4,0,0,0.0,0.0,0.0,0.0,0.0,0.0,0.0,0.0,0.0,0,5,12,1030,final_synthesis_reserve,4,0.9548697006034977,final_synthesis,memory,memory_mem_7,/workspace/TDCA/batch_outputs/hotpot_random300_seed20260504_20260504_162606/runs/268_268
269,269,"The musician who did ""Khalaara"" was born on what date?",15 March 1983,Yo Yo Honey Singh,0,0,0.0,0.0,0.0,0.0,0.0,0.0,0.0,0.0,0.0,0,8,13,937,final_synthesis_reserve,,0.0,,memory,memory_mem_6,/workspace/TDCA/batch_outputs/hotpot_random300_seed20260504_20260504_162606/runs/269_269
270,270,What award did both Victor Heerman and Lloyd Corrigan win?,won an Academy Award,Academy Award,0,1,0.8,0.8,0.666667,0.8,0.606531,0.606531,0.0,0.0,0.689655,0,5,10,864,final_synthesis_reserve,Academy Award,0.16880000000000003,closed_book_initial,memory,memory_mem_6,/workspace/TDCA/batch_outputs/hotpot_random300_seed20260504_20260504_162606/runs/270_270
271,271,Get Off is an album by a group using which style originating in NYC in the early 1970s?,Disco,Disco,1,1,1.0,1.0,0.0,1.0,1.0,0.0,0.0,0.0,1.0,0,6,12,1025,final_synthesis_reserve,Disco,0.9090557940355107,expansion_candidate,state,state_5,/workspace/TDCA/batch_outputs/hotpot_random300_seed20260504_20260504_162606/runs/271_271
272,272,Welcome to Nollywood and Out of the Shadow are both what?,documentary film,documentary films,0,1,0.5,0.5,0.0,0.5,0.5,0.0,0.0,0.0,0.5,0,6,13,902,final_synthesis_reserve,documentary films,0.8914550052179155,expansion_candidate,memory,memory_mem_5,/workspace/TDCA/batch_outputs/hotpot_random300_seed20260504_20260504_162606/runs/272_272
273,273,Are both French Spaniel and Beagle universally recognized breeds?,no,Yes,0,0,0.0,0.0,0.0,0.0,0.0,0.0,0.0,0.0,0.0,0,5,11,950,final_synthesis_reserve,Yes,0.16880000000000003,closed_book_initial,state,state_4,/workspace/TDCA/batch_outputs/hotpot_random300_seed20260504_20260504_162606/runs/273_273
274,274,This film is an adaption of a Jacques Offenbach's opera that was written by a Hungarian British screenwriter?,The Tales of Hoffmann,Emeric Pressburger,0,0,0.0,0.0,0.0,0.0,0.0,0.0,0.0,0.0,0.0,0,7,10,959,final_synthesis_reserve,Emeric Pressburger,0.9253568915193323,final_synthesis,state,state_3,/workspace/TDCA/batch_outputs/hotpot_random300_seed20260504_20260504_162606/runs/274_274
275,275,What is the origin of the name of the neighbourhood in which the building at 359 Broadway is located ?,"a syllabic abbreviation from ""Triangle Below Canal Street",Triangle Below Canal Street,0,1,0.727273,0.727273,0.666667,0.727273,0.472367,0.472367,0.472367,0.472367,0.597015,0,5,12,809,frontier_empty,Triangle Below Canal Street,0.9887961325070032,final_synthesis,memory,memory_mem_7,/workspace/TDCA/batch_outputs/hotpot_random300_seed20260504_20260504_162606/runs/275_275
276,276,Robert Bobby Noble's third football engagement was with a association station where?,"Bury, Greater Manchester, England",Birmingham,0,0,0.0,0.0,0.0,0.0,0.0,0.0,0.0,0.0,0.0,0,4,9,986,final_synthesis_reserve,Birmingham,0.16880000000000003,closed_book_initial,state,state_5,/workspace/TDCA/batch_outputs/hotpot_random300_seed20260504_20260504_162606/runs/276_276
277,277,Among the prominent members of the Walla Walla expeditions was member of tribe whose reservation is how many square miles in total?,237,640,0,0,0.0,0.0,0.0,0.0,0.0,0.0,0.0,0.0,0.0,0,6,12,953,final_synthesis_reserve,640,0.16880000000000003,closed_book_initial,state,state_1,/workspace/TDCA/batch_outputs/hotpot_random300_seed20260504_20260504_162606/runs/277_277
278,278,Drachen Fire was a roller coaster located behind which suspended coaster at Busch Gardens Williamsburg?,Big Bad Wolf,Oktoberfest section,0,0,0.0,0.0,0.0,0.0,0.0,0.0,0.0,0.0,0.0,0,9,15,944,final_synthesis_reserve,Big Bad Wolf,0.9273501413453915,expansion_candidate,memory,memory_mem_6,/workspace/TDCA/batch_outputs/hotpot_random300_seed20260504_20260504_162606/runs/278_278
279,279,The Rome Protocols were signed by three Prime Ministers one of which was assassinated as part of what?,a failed coup attempt,the July Putsch,0,0,0.0,0.0,0.0,0.0,0.0,0.0,0.0,0.0,0.0,0,6,11,946,final_synthesis_reserve,the July Putsch,0.16880000000000003,closed_book_initial,memory,memory_mem_5,/workspace/TDCA/batch_outputs/hotpot_random300_seed20260504_20260504_162606/runs/279_279
280,280,What profession does Spice Girls discography and Emma Bunton have in common?,singer,singer,1,1,1.0,1.0,0.0,1.0,1.0,0.0,0.0,0.0,1.0,0,6,14,941,final_synthesis_reserve,Singer,0.16880000000000003,closed_book_initial,memory,memory_mem_4,/workspace/TDCA/batch_outputs/hotpot_random300_seed20260504_20260504_162606/runs/280_280
281,281,Dunstan is an electoral district that includes which suburb of Adelaide in the City of Norwood Payneham St Peters?,College Park,"Payneham South, Marryatville, Hackney, Joslin",0,0,0.0,0.0,0.0,0.0,0.0,0.0,0.0,0.0,0.0,0,3,8,626,llm_stop_with_root_memory,Payneham South,0.8399999995042913,expansion_candidate,memory,memory_mem_6,/workspace/TDCA/batch_outputs/hotpot_random300_seed20260504_20260504_162606/runs/281_281
282,282,"Claudine's Return starred the actress who played which role on ""Married...with Children""?",Kelly Bundy,Kelly Bundy,1,1,1.0,1.0,1.0,1.0,1.0,1.0,0.0,0.0,1.0,0,4,9,670,frontier_empty,Kelly Bundy,0.8158529093518527,expansion_candidate,state,state_3,/workspace/TDCA/batch_outputs/hotpot_random300_seed20260504_20260504_162606/runs/282_282
283,283,What year did a director of a North Korean cinema film get kidnapped?,1978,1978,1,1,1.0,1.0,0.0,1.0,1.0,0.0,0.0,0.0,1.0,0,5,9,590,frontier_empty,Shin Sang-ok,0.971429072072801,grounded,state,state_1,/workspace/TDCA/batch_outputs/hotpot_random300_seed20260504_20260504_162606/runs/283_283
284,284,Phyllis Kohn holds a seat in the House of Representatives which meets where?,Saint Paul,"Capitol in Washington, D.C",0,0,0.0,0.0,0.0,0.0,0.0,0.0,0.0,0.0,0.0,0,7,13,1018,final_synthesis_reserve,United States Capitol,0.16880000000000003,closed_book_initial,memory,memory_mem_6,/workspace/TDCA/batch_outputs/hotpot_random300_seed20260504_20260504_162606/runs/284_284
285,285,Which 2010 Norwegian documentary miniseries featured an expert who is the Director of the University of Cambridge's Autism Research Centre?,Hjernevask,,0,0,0.0,0.0,0.0,0.0,0.0,0.0,0.0,0.0,0.0,0,6,10,930,final_synthesis_reserve,,0.0,,state,state_1,/workspace/TDCA/batch_outputs/hotpot_random300_seed20260504_20260504_162606/runs/285_285
286,286,What is the name of the vocalist who collaborated with the rap duo who won the 2002 Grammy Award for Best Rap Performance by a Duo or Group?,Sleepy Brown,Sleepy Brown,1,1,1.0,1.0,1.0,1.0,1.0,1.0,0.0,0.0,1.0,0,5,11,874,final_synthesis_reserve,Sleepy Brown,0.990496541611121,final_synthesis,state,state_1,/workspace/TDCA/batch_outputs/hotpot_random300_seed20260504_20260504_162606/runs/286_286
287,287,Phillip Pullman's book set in a parallel universe featuring a character named Lyra Belacqua was put into audio in what year?,2002,2002,1,1,1.0,1.0,0.0,1.0,1.0,0.0,0.0,0.0,1.0,0,10,15,896,frontier_empty,Northern Lights (novel),0.906533359525575,expansion_candidate,memory,memory_mem_5,/workspace/TDCA/batch_outputs/hotpot_random300_seed20260504_20260504_162606/runs/287_287
288,288,What film did the sound editor for a 2013 Hong Kong-Chinese martial arts drama film based on the life story of the Wing Chun grandmaster Ip Man win two Academy Awards for?,"""Hacksaw Ridge""",The Grandmaster (film),0,0,0.0,0.0,0.0,0.0,0.0,0.0,0.0,0.0,0.0,0,2,8,937,final_synthesis_reserve,The Grandmaster (film),1.0,grounded,state,state_1,/workspace/TDCA/batch_outputs/hotpot_random300_seed20260504_20260504_162606/runs/288_288
289,289,Which country refrained from participating in the 1991 Baltic Cup though it had participated in previous Baltic Cup competitions?,Belarus,Belarus,1,1,1.0,1.0,0.0,1.0,1.0,0.0,0.0,0.0,1.0,0,6,11,1044,anytime_token_guard,Belarus,0.8415167409036051,final_synthesis,memory,memory_mem_6,/workspace/TDCA/batch_outputs/hotpot_random300_seed20260504_20260504_162606/runs/289_289
290,290,What kind of ships have been named after the King of Norway who ascended the throne in 1991?,motor ships,motor ships,1,1,1.0,1.0,1.0,1.0,1.0,1.0,0.0,0.0,1.0,0,6,12,983,final_synthesis_reserve,Cruise ships,0.16880000000000003,closed_book_initial,memory,memory_mem_6,/workspace/TDCA/batch_outputs/hotpot_random300_seed20260504_20260504_162606/runs/290_290
291,291,susquehanna university and paul musser are both in what city?,Pennsylvania's,"Millheim, Pennsylvania",0,0,0.5,0.5,0.0,0.5,0.5,0.0,0.0,0.0,0.5,0,3,10,759,high_confidence_root_memory,"Millheim, Pennsylvania",0.8862963191166366,final_synthesis,memory,memory_mem_6,/workspace/TDCA/batch_outputs/hotpot_random300_seed20260504_20260504_162606/runs/291_291
292,292,"Who has more scope of profession, B. Reeves Eason or Albert S. Rogell?",B. Reeves Eason,B. Reeves Eason,1,1,1.0,1.0,1.0,1.0,1.0,1.0,1.0,0.0,1.0,0,6,9,974,final_synthesis_reserve,B. Reeves Eason,0.6695307588288123,expansion_candidate,state,state_7,/workspace/TDCA/batch_outputs/hotpot_random300_seed20260504_20260504_162606/runs/292_292
293,293,The ghetto that George Kadish documented held how many people at its peak?,"29,000","29,000",1,1,1.0,1.0,1.0,1.0,1.0,1.0,0.0,0.0,1.0,0,7,11,619,frontier_empty,"29,000",0.8572155048095063,expansion_candidate,state,state_1,/workspace/TDCA/batch_outputs/hotpot_random300_seed20260504_20260504_162606/runs/293_293
294,294,Was Lee Grant or Colin Campbell born first?,James Colin Campbell,Lee Grant,0,0,0.0,0.0,0.0,0.0,0.0,0.0,0.0,0.0,0.0,0,5,11,883,final_synthesis_reserve,Lee Grant,0.16880000000000003,closed_book_initial,memory,memory_mem_4,/workspace/TDCA/batch_outputs/hotpot_random300_seed20260504_20260504_162606/runs/294_294
295,295,What are some foods that may have been served at the Hawaiin Cottage?,"poi, Kalua pig, poke, lomi salmon, opihi, haupia","Pineapple, coconut, poi, kalua pig, and haupia",0,0,0.533333,0.533333,0.307692,0.533333,0.495359,0.288959,0.173376,0.0,0.506329,0,5,9,879,final_synthesis_reserve,"Pineapple, coconut, poi, kalua pig, and haupia",0.16880000000000003,closed_book_initial,state,state_1,/workspace/TDCA/batch_outputs/hotpot_random300_seed20260504_20260504_162606/runs/295_295
296,296,"Which board game is newer, Splendor or Power Grid?",Splendor,Splendor,1,1,1.0,1.0,0.0,1.0,1.0,0.0,0.0,0.0,1.0,0,6,13,905,final_synthesis_reserve,Splendor,0.16880000000000003,closed_book_initial,memory,memory_mem_5,/workspace/TDCA/batch_outputs/hotpot_random300_seed20260504_20260504_162606/runs/296_296
297,297,What revolutionary group was writer Mary Williams raised by before being adopted by director of the Peace and Justice Resource Center in Los Angeles County Tom Hayden?,Black Panthers,Black Panthers,1,1,1.0,1.0,1.0,1.0,1.0,1.0,0.0,0.0,1.0,0,7,11,811,frontier_empty,Black Panthers,0.8531612876853993,expansion_candidate,state,state_1,/workspace/TDCA/batch_outputs/hotpot_random300_seed20260504_20260504_162606/runs/297_297
298,298,"Who was born first, Kwok Kin Pong or Edison Chen?",Edison Koon-hei Chen,Kwok Kin Pong,0,0,0.0,0.0,0.0,0.0,0.0,0.0,0.0,0.0,0.0,0,6,12,895,final_synthesis_reserve,Kwok Kin Pong,0.16880000000000003,closed_book_initial,state,state_6,/workspace/TDCA/batch_outputs/hotpot_random300_seed20260504_20260504_162606/runs/298_298
299,299,What is the city where Orville Siegfried went to college and that is located in Jackson county?,"Lee's Summit, Missouri","Washington, Pennsylvania",0,0,0.0,0.0,0.0,0.0,0.0,0.0,0.0,0.0,0.0,0,7,14,1014,final_synthesis_reserve,Smoky Mountain High School,0.8644593865326569,grounded,memory,memory_mem_5,/workspace/TDCA/batch_outputs/hotpot_random300_seed20260504_20260504_162606/runs/299_299
